gene,FIS,true_label,rank,gene_symbol
ENSG00000205426.11,0.8420753957801016,1,1,KRT81
ENSG00000125356.9,0.765929644317525,1,2,NDUFA1
ENSG00000142798.21,0.7532316993169577,1,3,HSPG2
ENSG00000102241.14,0.7506594633263092,0,4,HTATSF1
ENSG00000196998.21,0.7493928259759031,1,5,WDR45
ENSG00000131174.9,0.7459988307762083,1,6,COX7B
ENSG00000112339.17,0.7401073583279025,0,7,HBS1L
ENSG00000130826.21,0.7355688461660054,1,8,DKC1
ENSG00000091490.13,0.7313887501599293,0,9,SEL1L3
ENSG00000133131.17,0.7302626633140666,0,10,MORC4
ENSG00000115365.15,0.7232263569139775,0,11,LANCL1
ENSG00000164741.17,0.7222194818927216,1,12,DLC1
ENSG00000102181.24,0.7200192684325923,0,13,CD99L2
ENSG00000143756.13,0.7188501994501357,1,14,FBXO28
ENSG00000140297.15,0.7183429117152315,0,15,GCNT3
ENSG00000110324.14,0.718003022959301,1,16,IL10RA
ENSG00000134954.16,0.7156107225812134,1,17,ETS1
ENSG00000011347.12,0.7064427110361402,0,18,SYT7
ENSG00000138326.23,0.7050770195225216,1,19,RPS24
ENSG00000142173.19,0.6981385720881076,1,20,COL6A2
ENSG00000159216.22,0.6979088009634683,1,21,RUNX1
ENSG00000030582.21,0.6976418840274604,1,22,GRN
ENSG00000149806.13,0.697538323078895,0,23,FAU
ENSG00000169714.19,0.6961733814713483,0,24,CNBP
ENSG00000180817.14,0.6952878947922825,0,25,PPA1
ENSG00000143442.25,0.6937317899856419,1,26,POGZ
ENSG00000137818.14,0.6925626421266742,0,27,RPLP1
ENSG00000056972.22,0.6902884693194046,1,28,TRAF3IP2
ENSG00000163810.13,0.6889519014372607,0,29,TGM4
ENSG00000171161.15,0.6889178984020234,0,30,ZNF672
ENSG00000135506.19,0.6882372971726903,0,31,OS9
ENSG00000111667.16,0.686916659082867,0,32,USP5
ENSG00000112245.15,0.6853132755911577,0,33,PTP4A1
ENSG00000161016.20,0.685104276093964,0,34,RPL8
ENSG00000147044.25,0.6840554825975881,1,35,CASK
ENSG00000187325.7,0.6839142200591549,0,36,TAF9B
ENSG00000111799.24,0.6831516949346835,1,37,COL12A1
ENSG00000174444.17,0.6823030895628154,0,38,RPL4
ENSG00000107581.16,0.6820065815297625,0,39,EIF3A
ENSG00000135318.14,0.6789600044641747,1,40,NT5E
ENSG00000198919.15,0.6777756338869211,0,41,DZIP3
ENSG00000126903.18,0.6766107920030761,0,42,SLC10A3
ENSG00000137449.17,0.6766036281927388,0,43,CPEB2
ENSG00000204388.7,0.675833921503275,0,44,HSPA1B
ENSG00000168243.13,0.6713961392845461,0,45,GNG4
ENSG00000132716.21,0.6696326299141874,0,46,DCAF8
ENSG00000169217.11,0.6679091944964628,0,47,CD2BP2
ENSG00000006831.12,0.6678337496045378,0,48,ADIPOR2
ENSG00000128422.20,0.6674363886496474,1,49,KRT17
ENSG00000173473.13,0.6674227882707872,1,50,SMARCC1
ENSG00000106333.15,0.6660985679072932,0,51,PCOLCE
ENSG00000162909.20,0.6660758795180174,0,52,CAPN2
ENSG00000157600.15,0.6654620919929783,0,53,TMEM164
ENSG00000140564.15,0.6653253560090312,0,54,FURIN
ENSG00000157637.15,0.6652129951860394,0,55,SLC38A10
ENSG00000116521.14,0.6651593318797916,0,56,SCAMP3
ENSG00000124151.21,0.663669794824779,1,57,NCOA3
ENSG00000174903.18,0.6626275020679999,0,58,RAB1B
ENSG00000154342.8,0.6624571747684963,0,59,WNT3A
ENSG00000116685.19,0.6621091487554213,0,60,KIAA2013
ENSG00000175445.19,0.6614515457859759,1,61,LPL
ENSG00000157933.13,0.6612772240753596,1,62,SKI
ENSG00000134909.19,0.6612263736408321,1,63,ARHGAP32
ENSG00000116661.13,0.6607993371424562,0,64,FBXO2
ENSG00000028137.21,0.6597058154633815,0,65,TNFRSF1B
ENSG00000165168.11,0.658697581333559,1,66,CYBB
ENSG00000128052.12,0.6573573570672603,1,67,KDR
ENSG00000137509.14,0.6573175442229391,0,68,PRCP
ENSG00000198586.16,0.6569990279024941,0,69,TLK1
ENSG00000047315.18,0.656635583802585,0,70,POLR2B
ENSG00000100234.14,0.6563871091138483,1,71,TIMP3
ENSG00000005513.12,0.6557677977423334,0,72,SOX8
ENSG00000150051.16,0.6552152369456917,0,73,MKX
ENSG00000139219.21,0.6545587793499695,1,74,COL2A1
ENSG00000175215.12,0.6537386239274853,0,75,CTDSP2
ENSG00000169926.13,0.6535316814677296,0,76,KLF13
ENSG00000185753.15,0.6532572766910042,0,77,CXorf38
ENSG00000088832.20,0.6522292910766486,0,78,FKBP1A
ENSG00000141027.25,0.6519987832563845,0,79,NCOR1
ENSG00000148672.12,0.6519002658756002,1,80,GLUD1
ENSG00000198561.18,0.6518956801063954,1,81,CTNND1
ENSG00000152049.7,0.6510906147623642,0,82,KCNE4
ENSG00000091831.27,0.6484871135489673,1,83,ESR1
ENSG00000115520.11,0.6481426228109417,0,84,COQ10B
ENSG00000176083.20,0.6471817896265404,0,85,ZNF683
ENSG00000169604.23,0.6458089409960777,1,86,ANTXR1
ENSG00000113494.19,0.6454446947022764,1,87,PRLR
ENSG00000154262.15,0.6440364999507842,0,88,ABCA6
ENSG00000173267.16,0.642890644896379,0,89,SNCG
ENSG00000076924.14,0.6423526233229692,0,90,XAB2
ENSG00000144228.12,0.6420195012156923,0,91,SPOPL
ENSG00000007933.15,0.6416274642224454,1,92,FMO3
ENSG00000146674.18,0.6416215983478275,0,93,IGFBP3
ENSG00000171885.20,0.6404964750875501,1,94,AQP4
ENSG00000143761.19,0.6403289721848876,1,95,ARF1
ENSG00000139832.7,0.6400605188374043,0,96,RAB20
ENSG00000124789.14,0.6399745840190492,0,97,NUP153
ENSG00000052749.16,0.6397962189737708,1,98,RRP12
ENSG00000185010.16,0.6395272619220329,1,99,F8
ENSG00000029363.19,0.638642338968057,1,100,BCLAF1
ENSG00000187243.19,0.6384084676841479,0,101,MAGED4B
ENSG00000150687.14,0.638241366851945,0,102,PRSS23
ENSG00000130830.17,0.638104617195323,0,103,MPP1
ENSG00000173372.20,0.637762435934686,1,104,C1QA
ENSG00000198846.8,0.6374068238044716,0,105,TOX
ENSG00000125931.13,0.6368999199064956,0,106,CITED1
ENSG00000151348.18,0.6366893985162432,1,107,EXT2
ENSG00000013563.16,0.6364689784545249,1,108,DNASE1L1
ENSG00000077721.19,0.6363150237717413,1,109,UBE2A
ENSG00000149428.23,0.6360386453303396,1,110,HYOU1
ENSG00000162344.6,0.6359689027432845,0,111,FGF19
ENSG00000161638.13,0.6358371832712092,0,112,ITGA5
ENSG00000189067.17,0.6355811147356486,1,113,LITAF
ENSG00000111875.10,0.635303890434968,0,114,ASF1A
ENSG00000103316.14,0.634753139927224,0,115,CRYM
ENSG00000105974.15,0.6345217658303623,1,116,CAV1
ENSG00000155366.19,0.6342359098273782,0,117,RHOC
ENSG00000038427.17,0.6341443385565282,1,118,VCAN
ENSG00000141456.18,0.6339958362326907,0,119,PELP1
ENSG00000116688.20,0.6336807070910427,1,120,MFN2
ENSG00000054356.16,0.6335360090038183,0,121,PTPRN
ENSG00000158545.18,0.6332889798663591,0,122,ZC3H18
ENSG00000112306.10,0.6331593968474531,0,123,RPS12
ENSG00000174099.14,0.6331056245796907,1,124,MSRB3
ENSG00000026297.19,0.6329540096247913,1,125,RNASET2
ENSG00000198668.16,0.6325468563222018,1,126,CALM1
ENSG00000169188.7,0.6324074347473059,0,127,APEX2
ENSG00000107862.9,0.6318322292003343,1,128,GBF1
ENSG00000004948.17,0.6313272832430221,0,129,CALCR
ENSG00000004961.17,0.6308107275483623,1,130,HCCS
ENSG00000153395.13,0.6295798345680855,0,131,LPCAT1
ENSG00000100219.19,0.6291315121861758,0,132,XBP1
ENSG00000122515.18,0.6289087588501084,0,133,ZMIZ2
ENSG00000165966.17,0.6283381560967617,0,134,PDZRN4
ENSG00000129250.14,0.6275046089402002,1,135,KIF1C
ENSG00000144028.17,0.626960884120146,1,136,SNRNP200
ENSG00000185565.15,0.626630685295756,0,137,LSAMP
ENSG00000102265.14,0.6266172333193016,0,138,TIMP1
ENSG00000114867.24,0.6265020265756354,0,139,EIF4G1
ENSG00000006607.16,0.6264928011995959,0,140,FARP2
ENSG00000180730.6,0.6264661489879555,0,141,SHISA2
ENSG00000108465.17,0.626412928278842,0,142,CDK5RAP3
ENSG00000068438.17,0.6263228899107931,1,143,FTSJ1
ENSG00000104221.15,0.6261203641304233,0,144,BRF2
ENSG00000182534.15,0.6260433065073739,0,145,MXRA7
ENSG00000106211.12,0.6258129594118855,1,146,HSPB1
ENSG00000099797.17,0.62517521310585,0,147,TECR
ENSG00000181019.14,0.6250664849392084,0,148,NQO1
ENSG00000147010.21,0.6249343196694462,0,149,SH3KBP1
ENSG00000055208.22,0.6248649325104777,1,150,TAB2
ENSG00000118680.16,0.624594296575001,0,151,MYL12B
ENSG00000101335.12,0.6244686871297298,0,152,MYL9
ENSG00000092199.21,0.6244513749008767,1,153,HNRNPC
ENSG00000165959.14,0.6236102705406377,0,154,CLMN
ENSG00000047597.8,0.6235227417790593,1,155,XK
ENSG00000135932.14,0.6233062292809919,0,156,CAB39
ENSG00000140416.28,0.6231397375440597,1,157,TPM1
ENSG00000102287.20,0.6230035668883712,1,158,GABRE
ENSG00000110344.12,0.6226773599770409,1,159,UBE4A
ENSG00000075624.19,0.6221867491665513,1,160,ACTB
ENSG00000137878.18,0.6220956051264003,1,161,GCOM1
ENSG00000174080.14,0.621193767205003,1,162,CTSF
ENSG00000168522.15,0.6211653348889435,1,163,FNTA
ENSG00000171867.20,0.6209743534494797,1,164,PRNP
ENSG00000160213.12,0.6204875679001448,1,165,CSTB
ENSG00000060237.21,0.6198356307502925,1,166,WNK1
ENSG00000198814.16,0.6197761593512481,1,167,GK
ENSG00000078596.13,0.6191607171687724,0,168,ITM2A
ENSG00000107651.17,0.6189409803988118,0,169,SEC23IP
ENSG00000065150.23,0.6188922941970106,0,170,IPO5
ENSG00000157500.14,0.6182859028299361,1,171,APPL1
ENSG00000111906.20,0.6182073571763117,0,172,HDDC2
ENSG00000167522.19,0.6180699186709883,1,173,ANKRD11
ENSG00000169738.10,0.6177895595234748,1,174,DCXR
ENSG00000036257.16,0.6174013026746431,1,175,CUL3
ENSG00000135439.14,0.6173331809559964,0,176,AGAP2
ENSG00000112365.8,0.6167711843121043,1,177,ZBTB24
ENSG00000107957.18,0.6165447354428933,0,178,SH3PXD2A
ENSG00000123595.10,0.6159586408165874,0,179,RAB9A
ENSG00000114861.26,0.6152242132039208,1,180,FOXP1
ENSG00000162923.18,0.6150989824696691,1,181,WDR26
ENSG00000125520.16,0.6150057416789924,0,182,SLC2A4RG
ENSG00000127022.18,0.6145281183434723,0,183,CANX
ENSG00000115993.15,0.6143562687820171,0,184,TRAK2
ENSG00000135452.12,0.6143464299349167,0,185,TSPAN31
ENSG00000123352.20,0.6141768053149659,0,186,SPATS2
ENSG00000196072.14,0.6141047518512646,0,187,BLOC1S2
ENSG00000132639.17,0.6139970495226306,1,188,SNAP25
ENSG00000168066.24,0.6136258769140946,0,189,SF1
ENSG00000086848.17,0.6130749726354993,1,190,ALG9
ENSG00000163697.20,0.6128060995440031,0,191,APBB2
ENSG00000115112.10,0.612207164906359,0,192,TFCP2L1
ENSG00000109756.12,0.6120692424708755,0,193,RAPGEF2
ENSG00000270647.9,0.6115408873762407,0,194,TAF15
ENSG00000138079.16,0.6113337607145098,1,195,SLC3A1
ENSG00000169991.12,0.6103047866434173,0,196,IFFO2
ENSG00000084774.16,0.6099268877139322,1,197,CAD
ENSG00000082196.23,0.6096506220566602,0,198,C1QTNF3
ENSG00000131668.15,0.609431533841378,0,199,BARX1
ENSG00000116288.15,0.6093208620587963,1,200,PARK7
ENSG00000185728.19,0.6091912482453075,0,201,YTHDF3
ENSG00000125675.22,0.6085220486677684,1,202,GRIA3
ENSG00000065802.14,0.607662611337029,0,203,ASB1
ENSG00000115085.18,0.6074220030015117,1,204,ZAP70
ENSG00000182899.19,0.6071102589478766,1,205,RPL35A
ENSG00000165929.15,0.6070968576998773,0,206,TC2N
ENSG00000120063.12,0.6070111057091453,0,207,GNA13
ENSG00000176105.16,0.6065669046850242,0,208,YES1
ENSG00000138080.16,0.6064713841515718,1,209,EMILIN1
ENSG00000180818.6,0.6064279235784339,0,210,HOXC10
ENSG00000059728.13,0.6063336869788503,0,211,MXD1
ENSG00000164398.17,0.6051921391170968,0,212,ACSL6
ENSG00000102144.17,0.6050748616155853,1,213,PGK1
ENSG00000163481.10,0.604999523306642,0,214,RNF25
ENSG00000151239.16,0.6047019285925351,0,215,TWF1
ENSG00000175426.13,0.6045366485595808,0,216,PCSK1
ENSG00000105647.22,0.6043487170093053,1,217,PIK3R2
ENSG00000101198.16,0.6042841626879606,0,218,NKAIN4
ENSG00000135926.17,0.6041815442385118,0,219,TMBIM1
ENSG00000035862.15,0.6039258341946371,0,220,TIMP2
ENSG00000104067.19,0.6037192904912885,0,221,TJP1
ENSG00000013583.12,0.6036559150740625,0,222,HEBP1
ENSG00000137414.9,0.6026314137646808,0,223,FAM8A1
ENSG00000204262.16,0.602381508829679,1,224,COL5A2
ENSG00000100902.13,0.6023337170330759,0,225,PSMA6
ENSG00000001630.20,0.6023044531160501,0,226,CYP51A1
ENSG00000115414.23,0.6017237299071899,1,227,FN1
ENSG00000126777.20,0.6015162032894853,0,228,KTN1
ENSG00000078098.17,0.6014628417496547,0,229,FAP
ENSG00000120833.16,0.6009765510732668,0,230,SOCS2
ENSG00000168899.7,0.6009179796112097,0,231,VAMP5
ENSG00000118482.14,0.6006739453838903,1,232,PHF3
ENSG00000162736.20,0.6004819139845742,1,233,NCSTN
ENSG00000113916.19,0.6003562055730209,0,234,BCL6
ENSG00000103507.16,0.6001505513363065,1,235,BCKDK
ENSG00000174238.17,0.6000021269564815,0,236,PITPNA
ENSG00000079246.18,0.5999965564076261,0,237,XRCC5
ENSG00000105699.19,0.5999291445320937,0,238,LSR
ENSG00000211445.14,0.5998467130938304,0,239,GPX3
ENSG00000184983.13,0.5998340313763343,1,240,NDUFA6
ENSG00000134258.20,0.5994437908858186,0,241,VTCN1
ENSG00000103160.14,0.5988546231878519,0,242,HSDL1
ENSG00000170807.13,0.598530562797003,1,243,LMOD2
ENSG00000067182.11,0.5984416027367471,1,244,TNFRSF1A
ENSG00000079432.11,0.5983721269135128,1,245,CIC
ENSG00000012061.19,0.5979221295410552,1,246,ERCC1
ENSG00000103657.15,0.5978025257300973,1,247,HERC1
ENSG00000155962.15,0.5969180424849011,0,248,CLIC2
ENSG00000109180.17,0.5967466869664101,0,249,OCIAD1
ENSG00000069956.16,0.5965449125598683,0,250,MAPK6
ENSG00000156521.16,0.596386330334469,0,251,TYSND1
ENSG00000180828.3,0.5960763658356955,1,252,BHLHE22
ENSG00000181192.14,0.5959779536577088,1,253,DHTKD1
ENSG00000071859.17,0.5955997581312954,0,254,FAM50A
ENSG00000102100.18,0.5952895314265234,1,255,SLC35A2
ENSG00000158470.7,0.5952345381038561,0,256,B4GALT5
ENSG00000167186.13,0.5944325050378766,1,257,COQ7
ENSG00000136485.16,0.5941761467064831,0,258,DCAF7
ENSG00000198203.12,0.5941390585408558,0,259,SULT1C2
ENSG00000149100.15,0.5941048570539768,0,260,EIF3M
ENSG00000171004.19,0.5940224492728459,1,261,HS6ST2
ENSG00000163618.20,0.5935361535536959,0,262,CADPS
ENSG00000166145.17,0.5935021790404283,0,263,SPINT1
ENSG00000154162.17,0.5932723006440526,0,264,CDH12
ENSG00000108666.13,0.592815469836199,0,265,C17orf75
ENSG00000136381.15,0.5917047516561506,0,266,IREB2
ENSG00000171552.16,0.5914867291608864,0,267,BCL2L1
ENSG00000163762.9,0.5913869216097091,0,268,TM4SF18
ENSG00000103512.18,0.591288587152943,0,269,NOMO1
ENSG00000071909.20,0.5912359034765197,0,270,MYO3B
ENSG00000004534.17,0.5911376681126139,0,271,RBM6
ENSG00000003756.19,0.5911152627025725,0,272,RBM5
ENSG00000138073.16,0.5909159355518444,0,273,PREB
ENSG00000158552.15,0.5908650778308001,0,274,ZFAND2B
ENSG00000096696.18,0.5903822803465504,1,275,DSP
ENSG00000144218.22,0.5902267732022018,1,276,AFF3
ENSG00000178789.11,0.5901611196086519,0,277,CD300LB
ENSG00000167118.13,0.5901341556031588,0,278,URM1
ENSG00000085563.17,0.5900539548216014,1,279,ABCB1
ENSG00000140391.16,0.5900342166935575,0,280,TSPAN3
ENSG00000065882.20,0.5899990437589583,0,281,TBC1D1
ENSG00000150779.13,0.5899037911371199,0,282,TIMM8B
ENSG00000107438.11,0.5895657331610784,0,283,PDLIM1
ENSG00000115840.16,0.5894708467084039,1,284,SLC25A12
ENSG00000198646.16,0.589324996037072,0,285,NCOA6
ENSG00000117069.17,0.5888156747792722,1,286,ST6GALNAC5
ENSG00000106460.22,0.5888032797825443,1,287,TMEM106B
ENSG00000169554.25,0.5887148928071296,1,288,ZEB2
ENSG00000102316.19,0.5884764602748903,1,289,MAGED2
ENSG00000124145.8,0.5880160313863078,0,290,SDC4
ENSG00000168685.17,0.588014286379333,1,291,IL7R
ENSG00000196693.17,0.5872104203584152,0,292,ZNF33B
ENSG00000164050.15,0.5871764016515294,0,293,PLXNB1
ENSG00000123106.13,0.5865665009011024,0,294,CCDC91
ENSG00000096401.10,0.5863582513931026,0,295,CDC5L
ENSG00000138078.18,0.5862787314138825,1,296,PREPL
ENSG00000148541.15,0.5862183703279933,0,297,FAM13C
ENSG00000067798.17,0.5862051354946618,1,298,NAV3
ENSG00000121769.10,0.5859804332105564,0,299,FABP3
ENSG00000164530.17,0.5858163650937916,0,300,PI16
ENSG00000168306.15,0.5855567998466986,1,301,ACOX2
ENSG00000164754.18,0.5854151335772074,1,302,RAD21
ENSG00000151655.21,0.5852222999087918,0,303,ITIH2
ENSG00000146433.13,0.5848368889742713,0,304,TMEM181
ENSG00000163528.15,0.5844867643861172,1,305,CHCHD4
ENSG00000157214.16,0.5840292983804213,0,306,STEAP2
ENSG00000132780.19,0.5838946595906892,0,307,NASP
ENSG00000132323.11,0.5832209974178825,0,308,ILKAP
ENSG00000133687.18,0.583216372384785,0,309,TMTC1
ENSG00000183166.13,0.5831453906436014,0,310,CALN1
ENSG00000163516.16,0.5830746865382451,0,311,ANKZF1
ENSG00000112782.20,0.5830547813224016,1,312,CLIC5
ENSG00000188690.18,0.5826398165320646,1,313,UROS
ENSG00000165609.16,0.5826060678163302,0,314,NUDT5
ENSG00000009335.21,0.5825760052304113,1,315,UBE3C
ENSG00000120992.20,0.5825310600914734,0,316,LYPLA1
ENSG00000172046.22,0.5825049702608976,1,317,USP19
ENSG00000125730.20,0.5821751394029588,1,318,C3
ENSG00000167419.13,0.582074967668938,1,319,LPO
ENSG00000102409.12,0.5817371563273731,0,320,BEX4
ENSG00000112319.23,0.581398883969369,1,321,EYA4
ENSG00000108061.15,0.581388991757137,1,322,SHOC2
ENSG00000186532.14,0.5813243782251759,0,323,SMYD4
ENSG00000181163.16,0.5810913848046577,1,324,NPM1
ENSG00000088448.16,0.5809242228465948,0,325,ANKRD10
ENSG00000142657.23,0.5809150063721306,0,326,PGD
ENSG00000154473.20,0.5808697613087955,0,327,BUB3
ENSG00000005302.20,0.5805107867040135,1,328,MSL3
ENSG00000169083.19,0.5801795286040313,1,329,AR
ENSG00000186591.15,0.5801484886300828,1,330,UBE2H
ENSG00000187531.16,0.5799495850006747,0,331,SIRT7
ENSG00000054267.24,0.5798693259940966,0,332,ARID4B
ENSG00000197170.12,0.5797666385536274,1,333,PSMD12
ENSG00000101986.14,0.5797234714513391,1,334,ABCD1
ENSG00000172531.18,0.5794828590188953,0,335,PPP1CA
ENSG00000167996.18,0.5790686539109726,1,336,FTH1
ENSG00000110090.15,0.5785552365627903,1,337,CPT1A
ENSG00000139644.15,0.5783901269556434,0,338,TMBIM6
ENSG00000151458.14,0.5783765816580745,0,339,ANKRD50
ENSG00000242485.8,0.5782892058602501,0,340,MRPL20
ENSG00000143772.13,0.5781251434726918,0,341,ITPKB
ENSG00000137875.4,0.578008444813201,0,342,BCL2L10
ENSG00000131368.11,0.5778020140786465,1,343,MRPS25
ENSG00000127481.16,0.5774555645834124,0,344,UBR4
ENSG00000143384.15,0.5774183200490635,0,345,MCL1
ENSG00000170465.10,0.5769525334730959,1,346,KRT6C
ENSG00000120686.14,0.5768216869605007,1,347,UFM1
ENSG00000143502.18,0.5766746436127352,0,348,SUSD4
ENSG00000112936.23,0.5765884928209148,1,349,C7
ENSG00000163703.22,0.5765099713677895,1,350,CRELD1
ENSG00000103249.21,0.5764090502887417,1,351,CLCN7
ENSG00000172943.23,0.5760695634717159,1,352,PHF8
ENSG00000140262.20,0.5760345658659843,1,353,TCF12
ENSG00000102359.9,0.5755734102467873,1,354,SRPX2
ENSG00000110046.16,0.5752076692582928,0,355,ATG2A
ENSG00000181418.8,0.5751525604309068,0,356,DDN
ENSG00000169744.15,0.5749289516217769,0,357,LDB2
ENSG00000225921.9,0.5742627644145659,0,358,NOL7
ENSG00000140379.10,0.5742410758249904,0,359,BCL2A1
ENSG00000203485.16,0.5739618603626587,1,360,INF2
ENSG00000183723.14,0.5739497794012448,0,361,CMTM4
ENSG00000184831.16,0.57383610790018,1,362,APOO
ENSG00000163374.23,0.57347640096866,1,363,YY1AP1
ENSG00000166140.18,0.573394594449372,1,364,ZFYVE19
ENSG00000131462.11,0.5732188043673588,1,365,TUBG1
ENSG00000145214.16,0.5729870110641534,0,366,DGKQ
ENSG00000138061.15,0.5725523314988886,1,367,CYP1B1
ENSG00000165995.25,0.5723872059701078,1,368,CACNB2
ENSG00000114744.11,0.5723870730800281,0,369,COMMD2
ENSG00000129675.18,0.5723050962094293,0,370,ARHGEF6
ENSG00000068697.9,0.5718520522630389,0,371,LAPTM4A
ENSG00000148634.18,0.5716400350501473,0,372,HERC4
ENSG00000185201.19,0.5715945484718693,0,373,IFITM2
ENSG00000070770.12,0.5713819521806359,0,374,CSNK2A2
ENSG00000241343.12,0.5712457823195773,0,375,RPL36A
ENSG00000165283.18,0.5710995366934487,0,376,STOML2
ENSG00000164574.18,0.5710718906533065,0,377,GALNT10
ENSG00000135776.7,0.5707560118454255,0,378,ABCB10
ENSG00000168883.22,0.5707423269513908,0,379,USP39
ENSG00000108963.20,0.5706876505675459,1,380,DPH1
ENSG00000103064.17,0.5706100495414633,0,381,SLC7A6
ENSG00000101945.19,0.5705581763003296,0,382,SUV39H1
ENSG00000177674.18,0.5705223097933035,0,383,AGTRAP
ENSG00000116574.7,0.5705161081781951,0,384,RHOU
ENSG00000237763.12,0.5704354306429252,0,385,AMY1A
ENSG00000152818.21,0.5702036900485448,0,386,UTRN
ENSG00000197565.19,0.5700024135287786,0,387,COL4A6
ENSG00000118873.19,0.5699603985384409,1,388,RAB3GAP2
ENSG00000068745.17,0.5698559495939056,0,389,IP6K2
ENSG00000164308.20,0.5697701053283293,0,390,ERAP2
ENSG00000147606.11,0.5696168916319904,1,391,SLC26A7
ENSG00000185028.5,0.5693342444437614,0,392,LRRC14B
ENSG00000106049.11,0.5693099942733929,0,393,HIBADH
ENSG00000145491.14,0.5690992021520379,0,394,ROPN1L
ENSG00000127418.17,0.5690911263699596,0,395,FGFRL1
ENSG00000152578.17,0.5689872409643802,1,396,GRIA4
ENSG00000106069.28,0.5688660571573108,0,397,CHN2
ENSG00000180287.18,0.5685761713987506,0,398,PLD5
ENSG00000134077.18,0.568284434065812,0,399,THUMPD3
ENSG00000162733.21,0.5682492774344426,1,400,DDR2
ENSG00000172273.15,0.5676973581979506,0,401,HINFP
ENSG00000184613.13,0.5675872576646636,0,402,NELL2
ENSG00000124313.20,0.5673545373832493,1,403,IQSEC2
ENSG00000183475.15,0.5672560641529272,0,404,ASB7
ENSG00000078018.24,0.5672182384218202,0,405,MAP2
ENSG00000111726.15,0.5671741432620311,0,406,CMAS
ENSG00000161544.11,0.5670554821812238,0,407,CYGB
ENSG00000062038.17,0.567001049294397,1,408,CDH3
ENSG00000182379.11,0.5667173555411408,0,409,NXPH4
ENSG00000150681.11,0.5666871880410019,0,410,RGS18
ENSG00000100599.18,0.5666183152640595,0,411,RIN3
ENSG00000023445.19,0.5664396253508046,0,412,BIRC3
ENSG00000079950.16,0.5664338196135495,0,413,STX7
ENSG00000072310.20,0.5663419336938137,1,414,SREBF1
ENSG00000136942.17,0.5662392363776559,1,415,RPL35
ENSG00000135392.21,0.5659291117590467,0,416,DNAJC14
ENSG00000132975.10,0.5659018241539696,0,417,GPR12
ENSG00000179918.19,0.5657811347000998,0,418,SEPHS2
ENSG00000221823.12,0.565580466862121,0,419,PPP3R1
ENSG00000103479.19,0.5655610134406239,1,420,RBL2
ENSG00000142937.14,0.5655597929249937,0,421,RPS8
ENSG00000015285.14,0.5655556997927752,1,422,WAS
ENSG00000112234.11,0.5655456920926006,1,423,FBXL4
ENSG00000023516.11,0.5652781020360819,0,424,AKAP11
ENSG00000089053.15,0.5651993742855596,0,425,ANAPC5
ENSG00000160307.12,0.5650255148918378,0,426,S100B
ENSG00000108592.19,0.5649160107893827,0,427,FTSJ3
ENSG00000123200.19,0.5648462947949103,0,428,ZC3H13
ENSG00000090539.18,0.5646911200987684,0,429,CHRD
ENSG00000130402.16,0.5645507384109467,1,430,ACTN4
ENSG00000016402.16,0.5645371362468535,0,431,IL20RA
ENSG00000025434.21,0.5644512632321744,1,432,NR1H3
ENSG00000112769.22,0.5643703145363542,0,433,LAMA4
ENSG00000135341.21,0.5642717435279948,1,434,MAP3K7
ENSG00000090776.8,0.5641302904708777,1,435,EFNB1
ENSG00000134575.15,0.5640816626608233,0,436,ACP2
ENSG00000140836.18,0.5639370339558402,1,437,ZFHX3
ENSG00000124429.20,0.5638070868879689,0,438,POF1B
ENSG00000143776.22,0.56333826615817,0,439,CDC42BPA
ENSG00000162645.15,0.562968243446606,0,440,GBP2
ENSG00000120694.22,0.5628541031230481,0,441,HSPH1
ENSG00000107281.12,0.5621984175011988,0,442,NPDC1
ENSG00000198961.13,0.5618272692611539,0,443,PJA2
ENSG00000165125.23,0.5617901226546592,1,444,TRPV6
ENSG00000134108.16,0.5615484290799476,0,445,ARL8B
ENSG00000148308.20,0.5613467120330687,0,446,GTF3C5
ENSG00000175193.16,0.5611496216452628,0,447,PARL
ENSG00000001461.21,0.5609832593747788,0,448,NIPAL3
ENSG00000102531.18,0.5609411696516761,0,449,FNDC3A
ENSG00000070718.15,0.560906124519161,0,450,AP3M2
ENSG00000071054.19,0.5608672782587094,1,451,MAP4K4
ENSG00000100300.20,0.560768532293182,0,452,TSPO
ENSG00000137673.11,0.5607446917621831,0,453,MMP7
ENSG00000180921.9,0.5606190181769898,1,454,FAM83H
ENSG00000213741.13,0.5605244898123884,1,455,RPS29
ENSG00000079482.16,0.5601123931553221,1,456,OPHN1
ENSG00000162444.14,0.5600890043888218,0,457,RBP7
ENSG00000165383.13,0.5600550634697421,0,458,LRRC18
ENSG00000123500.11,0.559946871671088,1,459,COL10A1
ENSG00000105854.15,0.559809318483269,0,460,PON2
ENSG00000164587.15,0.5597539430796522,0,461,RPS14
ENSG00000095596.13,0.5597329994570955,0,462,CYP26A1
ENSG00000135930.17,0.5594279072142915,0,463,EIF4E2
ENSG00000139372.16,0.5590591756564091,0,464,TDG
ENSG00000167770.15,0.5590485567336728,0,465,OTUB1
ENSG00000119820.13,0.5588727065740104,0,466,YIPF4
ENSG00000077235.20,0.5580067214988017,0,467,GTF3C1
ENSG00000165704.17,0.5577447519897513,1,468,HPRT1
ENSG00000224470.11,0.5575910558230385,0,469,ATXN1L
ENSG00000127129.12,0.5566759014713133,0,470,EDN2
ENSG00000127995.19,0.556536666937106,0,471,CASD1
ENSG00000168702.19,0.5565338839076595,0,472,LRP1B
ENSG00000160182.4,0.5561098740813231,0,473,TFF1
ENSG00000139263.14,0.5557036142873033,0,474,LRIG3
ENSG00000169957.11,0.5555610806200905,0,475,ZNF768
ENSG00000170835.17,0.5555370526494395,1,476,CEL
ENSG00000167815.14,0.5553967521504568,0,477,PRDX2
ENSG00000173641.20,0.5552847317407558,0,478,HSPB7
ENSG00000181513.17,0.5550306811480173,0,479,ACBD4
ENSG00000114450.13,0.5548197335415449,1,480,GNB4
ENSG00000172954.16,0.554803976630131,0,481,LCLAT1
ENSG00000188419.16,0.5547705983775936,1,482,CHM
ENSG00000171451.17,0.5546906137137376,0,483,DSEL
ENSG00000103266.13,0.5546632393034329,1,484,STUB1
ENSG00000135316.21,0.5541367732065847,1,485,SYNCRIP
ENSG00000123989.17,0.5539671997328602,0,486,CHPF
ENSG00000180964.19,0.5538083362702758,0,487,TCEAL8
ENSG00000111911.9,0.5538018183079482,0,488,HINT3
ENSG00000197217.15,0.5533194207366533,0,489,ENTPD4
ENSG00000089050.18,0.5532946924208005,0,490,RBBP9
ENSG00000073464.15,0.5531796834805603,1,491,CLCN4
ENSG00000153207.18,0.553106323045704,0,492,AHCTF1
ENSG00000108582.14,0.5529822317617936,0,493,CPD
ENSG00000115268.12,0.5528959435022928,0,494,RPS15
ENSG00000180104.18,0.5528679230335692,0,495,EXOC3
ENSG00000115216.16,0.5517716352202449,0,496,NRBP1
ENSG00000116670.19,0.5513484630631782,1,497,MAD2L2
ENSG00000013297.14,0.5512524662377473,1,498,CLDN11
ENSG00000162928.11,0.5509913998921493,1,499,PEX13
ENSG00000132432.16,0.5505804539689768,0,500,SEC61G
ENSG00000123405.16,0.5505747820575905,0,501,NFE2
ENSG00000243279.6,0.5505171178014853,0,502,PRAF2
ENSG00000197181.14,0.5502404382818289,0,503,PIWIL2
ENSG00000110060.11,0.5502277468163707,1,504,PUS3
ENSG00000090889.14,0.5501721059905897,1,505,KIF4A
ENSG00000177854.10,0.5501512143019225,0,506,TMEM187
ENSG00000104853.18,0.5499987862625138,0,507,CLPTM1
ENSG00000114353.19,0.5498742066184595,1,508,GNAI2
ENSG00000143322.22,0.5497067653216375,0,509,ABL2
ENSG00000126858.21,0.5495565770005896,0,510,RHOT1
ENSG00000165215.6,0.5494866230966834,0,511,CLDN3
ENSG00000010810.20,0.5493389099007381,1,512,FYN
ENSG00000106299.10,0.5493209114014594,0,513,WASL
ENSG00000178982.12,0.549055086739492,0,514,EIF3K
ENSG00000120805.16,0.54888502861876,0,515,ARL1
ENSG00000198157.13,0.5488620332684478,0,516,HMGN5
ENSG00000174807.4,0.5480238130464535,0,517,CD248
ENSG00000077232.21,0.5479017796929256,0,518,DNAJC10
ENSG00000070915.12,0.5478930410537277,1,519,SLC12A3
ENSG00000110237.7,0.5477648165802398,0,520,ARHGEF17
ENSG00000255072.3,0.547491638001152,1,521,PIGY
ENSG00000013016.18,0.5474811200697085,0,522,EHD3
ENSG00000151702.20,0.5474162723523432,1,523,FLI1
ENSG00000072134.18,0.5473761595844305,0,524,EPN2
ENSG00000179912.23,0.5473755698794859,0,525,R3HDM2
ENSG00000100503.29,0.547364246968237,1,526,NIN
ENSG00000120725.15,0.5473193815080485,1,527,SIL1
ENSG00000154889.19,0.5470049550272812,0,528,MPPE1
ENSG00000160216.22,0.5466143548266995,1,529,AGPAT3
ENSG00000182704.10,0.5465233704892681,0,530,TSKU
ENSG00000198363.20,0.5464168548767357,1,531,ASPH
ENSG00000169299.16,0.5461379705349478,0,532,PGM2
ENSG00000257727.8,0.5459875829668414,0,533,CNPY2
ENSG00000025770.21,0.5459503767878165,0,534,NCAPH2
ENSG00000179262.12,0.5457839610202077,0,535,RAD23A
ENSG00000156976.19,0.5457429979057896,1,536,EIF4A2
ENSG00000171940.15,0.5456998091033038,0,537,ZNF217
ENSG00000130208.12,0.5455032502558478,0,538,APOC1
ENSG00000131375.12,0.5454410762023648,0,539,CAPN7
ENSG00000268916.8,0.5454213453905669,0,540,CSAG3
ENSG00000088881.23,0.5452394387169944,0,541,EBF4
ENSG00000129003.20,0.5451206702986621,1,542,VPS13C
ENSG00000080822.19,0.5451077702533879,0,543,CLDND1
ENSG00000168101.17,0.5450859130531621,0,544,NUDT16L1
ENSG00000131269.21,0.5449457271270944,1,545,ABCB7
ENSG00000108669.20,0.544827012939109,0,546,CYTH1
ENSG00000109971.16,0.5447989992407966,0,547,HSPA8
ENSG00000241553.15,0.5446146261692316,0,548,ARPC4
ENSG00000108588.17,0.5445771528014647,1,549,CCDC47
ENSG00000108406.12,0.5445306437921702,0,550,DHX40
ENSG00000163939.21,0.5444334214571301,1,551,PBRM1
ENSG00000198700.12,0.5443268200966677,0,552,IPO9
ENSG00000171863.17,0.5443077673117444,1,553,RPS7
ENSG00000186187.14,0.5441531372112733,0,554,ZNRF1
ENSG00000116251.13,0.5441370213515729,0,555,RPL22
ENSG00000084754.14,0.5439720688784989,1,556,HADHA
ENSG00000138796.20,0.5436373781743259,1,557,HADH
ENSG00000162813.20,0.54330657527364,1,558,BPNT1
ENSG00000107105.17,0.5432851805686777,0,559,ELAVL2
ENSG00000170873.21,0.5431349645882176,0,560,MTSS1
ENSG00000182670.15,0.5430838851444628,0,561,TTC3
ENSG00000085831.18,0.5423424008047739,0,562,TTC39A
ENSG00000171467.18,0.5423107456339119,0,563,ZNF318
ENSG00000119335.20,0.5421240917442588,1,564,SET
ENSG00000116649.12,0.5420964657896286,0,565,SRM
ENSG00000178719.19,0.5420890967412925,0,566,GRINA
ENSG00000099875.18,0.5420203500082152,0,567,MKNK2
ENSG00000136754.20,0.5419893260696788,0,568,ABI1
ENSG00000083520.17,0.5419210340841296,0,569,DIS3
ENSG00000136153.23,0.5419094444116407,0,570,LMO7
ENSG00000121351.9,0.5418456256633397,0,571,IAPP
ENSG00000211456.16,0.5414372229837897,0,572,SACM1L
ENSG00000023697.15,0.5413315722310076,0,573,DERA
ENSG00000163631.21,0.5410308271945743,1,574,ALB
ENSG00000133030.24,0.5410224137639174,0,575,MPRIP
ENSG00000102882.14,0.541018332031235,0,576,MAPK3
ENSG00000090097.24,0.5409793977959764,0,577,PCBP4
ENSG00000123496.10,0.5409706620134297,0,578,IL13RA2
ENSG00000174282.14,0.5409641109039836,0,579,ZBTB4
ENSG00000135750.17,0.5407930998277551,0,580,KCNK1
ENSG00000017260.22,0.5406765429369704,1,581,ATP2C1
ENSG00000116824.7,0.540487416349528,0,582,CD2
ENSG00000141480.20,0.5404315664743928,0,583,ARRB2
ENSG00000115234.13,0.5404268866517826,0,584,SNX17
ENSG00000175213.5,0.540393405447305,1,585,ZNF408
ENSG00000057608.20,0.5401309470336683,0,586,GDI2
ENSG00000159167.13,0.5399108232947977,0,587,STC1
ENSG00000126351.15,0.5398370738046713,1,588,THRA
ENSG00000138030.16,0.5397313581894467,1,589,KHK
ENSG00000164161.12,0.5396351751551103,0,590,HHIP
ENSG00000124249.8,0.5396336845629178,0,591,KCNK15
ENSG00000175352.13,0.5391067378377303,0,592,NRIP3
ENSG00000170044.9,0.5390773257380276,0,593,ZPLD1
ENSG00000124614.19,0.5389864067634728,1,594,RPS10
ENSG00000114771.16,0.5389828823369182,0,595,AADAC
ENSG00000114737.18,0.538942423250307,0,596,CISH
ENSG00000083799.20,0.5384086131579394,1,597,CYLD
ENSG00000162804.17,0.5382627048786303,0,598,SNED1
ENSG00000101871.19,0.5382280192779793,1,599,MID1
ENSG00000249992.2,0.5380490562639414,0,600,TMEM158
ENSG00000171227.9,0.5378903367638627,0,601,TMEM37
ENSG00000082641.18,0.5376335933896249,0,602,NFE2L1
ENSG00000139278.11,0.5375371878628465,0,603,GLIPR1
ENSG00000138777.22,0.5375291034391502,1,604,PPA2
ENSG00000171094.19,0.5374968412895273,1,605,ALK
ENSG00000168002.14,0.5371484926283633,0,606,POLR2G
ENSG00000028528.17,0.5369077802029089,0,607,SNX1
ENSG00000166340.20,0.5368654662574815,1,608,TPP1
ENSG00000101197.14,0.5365997765705312,0,609,BIRC7
ENSG00000160799.15,0.5365217475397753,0,610,CCDC12
ENSG00000167508.14,0.5360503950687502,1,611,MVD
ENSG00000154814.16,0.5358010304027063,0,612,OXNAD1
ENSG00000184922.17,0.535664301387063,0,613,FMNL1
ENSG00000204217.17,0.5356470977876374,1,614,BMPR2
ENSG00000179526.19,0.5355741633972316,1,615,SHARPIN
ENSG00000158578.23,0.5355563844425336,1,616,ALAS2
ENSG00000164619.11,0.5355181305519666,1,617,BMPER
ENSG00000168701.20,0.5354712643844959,0,618,TMEM208
ENSG00000135638.16,0.5353774289242189,0,619,EMX1
ENSG00000169223.18,0.5353257035644383,0,620,LMAN2
ENSG00000173821.21,0.535209661156197,1,621,RNF213
ENSG00000171055.17,0.5349958622262402,0,622,FEZ2
ENSG00000175354.22,0.5349063344655198,0,623,PTPN2
ENSG00000015676.20,0.534894274905294,0,624,NUDCD3
ENSG00000167468.21,0.5348258523370123,1,625,GPX4
ENSG00000147912.15,0.5347258659275905,0,626,FBXO10
ENSG00000150760.15,0.5345755976057958,0,627,DOCK1
ENSG00000188994.16,0.5345347749312285,1,628,ZNF292
ENSG00000183569.20,0.5342663036340912,0,629,SERHL2
ENSG00000049656.16,0.5342098835941355,0,630,CLPTM1L
ENSG00000108389.12,0.5342015099878547,0,631,MTMR4
ENSG00000175115.14,0.5340879595112219,1,632,PACS1
ENSG00000197471.14,0.5340786113537942,0,633,SPN
ENSG00000125780.13,0.5339700204757561,1,634,TGM3
ENSG00000054118.17,0.5339675166709958,0,635,THRAP3
ENSG00000141098.15,0.533860866906577,0,636,GFOD2
ENSG00000150401.17,0.5336926973652734,0,637,DCUN1D2
ENSG00000186868.20,0.533426665996279,1,638,MAPT
ENSG00000035928.19,0.5332670962585251,1,639,RFC1
ENSG00000166188.5,0.5330666185513702,0,640,ZNF319
ENSG00000173890.19,0.5329955790503028,0,641,GPR160
ENSG00000123191.20,0.5329279621471809,1,642,ATP7B
ENSG00000204977.12,0.5325855997311068,0,643,TRIM13
ENSG00000100410.10,0.5325489865666013,1,644,PHF5A
ENSG00000136643.14,0.532202052949318,1,645,RPS6KC1
ENSG00000123358.22,0.5318786135976116,0,646,NR4A1
ENSG00000169508.9,0.5317955305667439,0,647,GPR183
ENSG00000178127.15,0.5317016554822888,1,648,NDUFV2
ENSG00000014919.15,0.5316827418235498,1,649,COX15
ENSG00000063046.20,0.5316826658090322,0,650,EIF4B
ENSG00000156414.22,0.5314930562578088,1,651,TDRD9
ENSG00000075945.14,0.5314624830707212,0,652,KIFAP3
ENSG00000086504.20,0.5314075773643715,0,653,MRPL28
ENSG00000156990.16,0.5313774009820205,0,654,RPUSD3
ENSG00000135503.15,0.5313362798422885,1,655,ACVR1B
ENSG00000106511.8,0.5310564251697556,0,656,MEOX2
ENSG00000136371.13,0.5309628118726365,1,657,MTHFS
ENSG00000109118.16,0.530756829859487,0,658,PHF12
ENSG00000144802.12,0.5307453681631763,0,659,NFKBIZ
ENSG00000186998.18,0.5304476390397765,0,660,EMID1
ENSG00000162511.10,0.5303257816128437,0,661,LAPTM5
ENSG00000175334.10,0.5303199234578594,0,662,BANF1
ENSG00000162817.8,0.5302578850908892,0,663,C1orf115
ENSG00000102595.24,0.5302570376362322,0,664,UGGT2
ENSG00000100297.18,0.5302272330739249,1,665,MCM5
ENSG00000144550.16,0.5302079303546554,0,666,CPNE9
ENSG00000163584.20,0.5301225494133107,0,667,RPL22L1
ENSG00000114120.16,0.5299104840901939,1,668,SLC25A36
ENSG00000162341.20,0.52988383171878,0,669,TPCN2
ENSG00000069974.19,0.529864125620691,1,670,RAB27A
ENSG00000162441.14,0.5297270894980977,0,671,LZIC
ENSG00000166946.16,0.5295660644698261,0,672,CCNDBP1
ENSG00000162959.16,0.5295265449774654,0,673,MEMO1
ENSG00000185905.6,0.5294760762318357,0,674,C16orf54
ENSG00000255690.3,0.5294726206954773,0,675,TRIL
ENSG00000130811.14,0.5294723541496792,0,676,EIF3G
ENSG00000157064.13,0.5294471219206374,0,677,NMNAT2
ENSG00000167723.16,0.5293596005944462,1,678,TRPV3
ENSG00000167470.16,0.5291861927261042,0,679,MIDN
ENSG00000101182.17,0.5285498147489492,0,680,PSMA7
ENSG00000133226.21,0.5285171575418416,0,681,SRRM1
ENSG00000028839.11,0.5283723159877698,0,682,TBPL1
ENSG00000073792.18,0.5283593532396645,0,683,IGF2BP2
ENSG00000176532.6,0.5276069141849428,0,684,PRR15
ENSG00000155660.13,0.5274936436389218,0,685,PDIA4
ENSG00000137177.21,0.5273843694923661,0,686,KIF13A
ENSG00000164163.13,0.527173623581946,0,687,ABCE1
ENSG00000135406.16,0.5270163262317339,0,688,PRPH
ENSG00000181827.18,0.5270134973190226,1,689,RFX7
ENSG00000185352.11,0.5268823014907185,0,690,HS6ST3
ENSG00000167173.21,0.526759107822777,0,691,C15orf39
ENSG00000120708.18,0.5265592370670297,1,692,TGFBI
ENSG00000172638.15,0.526539257897089,1,693,EFEMP2
ENSG00000067560.16,0.5265328406322827,1,694,RHOA
ENSG00000105329.13,0.5264310288175243,1,695,TGFB1
ENSG00000079459.16,0.5263071153441091,0,696,FDFT1
ENSG00000157978.15,0.5260919199030013,1,697,LDLRAP1
ENSG00000065154.14,0.5257591775657882,1,698,OAT
ENSG00000136883.18,0.5254351951722086,1,699,KIF12
ENSG00000127837.12,0.5253514269536159,0,700,AAMP
ENSG00000088325.18,0.5250947567169488,0,701,TPX2
ENSG00000150457.11,0.5247746909678418,0,702,LATS2
ENSG00000112964.16,0.5247150905258052,1,703,GHR
ENSG00000114631.13,0.524651503819449,0,704,PODXL2
ENSG00000185624.18,0.5243269870300242,1,705,P4HB
ENSG00000109684.17,0.5243243826461695,0,706,CLNK
ENSG00000198252.14,0.5242049770178568,0,707,STYX
ENSG00000185885.19,0.5241058224926854,0,708,IFITM1
ENSG00000106305.12,0.5240974451937992,1,709,AIMP2
ENSG00000149231.18,0.5239737974244864,1,710,CCDC82
ENSG00000074527.15,0.523865631308219,0,711,NTN4
ENSG00000129083.15,0.5238205796315578,1,712,COPB1
ENSG00000160867.17,0.5236753106437276,0,713,FGFR4
ENSG00000174628.19,0.5236637994045928,0,714,IQCK
ENSG00000125753.17,0.5236213821536905,0,715,VASP
ENSG00000182870.15,0.5234621510994136,0,716,GALNT9
ENSG00000182687.5,0.5234426626249931,0,717,GALR2
ENSG00000117707.19,0.5230252809798301,0,718,PROX1
ENSG00000184677.20,0.5228838328207931,0,719,ZBTB40
ENSG00000136518.19,0.5227494289239122,0,720,ACTL6A
ENSG00000104388.17,0.5227022614170669,0,721,RAB2A
ENSG00000158109.17,0.5226291828317362,0,722,TPRG1L
ENSG00000166266.16,0.5224714402433861,0,723,CUL5
ENSG00000145390.14,0.5224468265792935,1,724,USP53
ENSG00000006712.17,0.5224375713243896,0,725,PAF1
ENSG00000179163.14,0.5220114564257025,1,726,FUCA1
ENSG00000106236.6,0.521894650880463,0,727,NPTX2
ENSG00000171388.14,0.5218916772554798,0,728,APLN
ENSG00000100836.13,0.5217835704906553,1,729,PABPN1
ENSG00000197448.16,0.5214967944851526,0,730,GSTK1
ENSG00000204822.9,0.5214452796857945,0,731,MRPL53
ENSG00000158796.19,0.5214221652278282,0,732,DEDD
ENSG00000084072.19,0.5213850067635158,0,733,PPIE
ENSG00000138760.13,0.52124888375439,1,734,SCARB2
ENSG00000165476.16,0.5210111572811662,0,735,REEP3
ENSG00000198898.18,0.5209354642993237,1,736,CAPZA2
ENSG00000169976.7,0.5208502717887937,0,737,SF3B5
ENSG00000118260.17,0.5208363486377158,0,738,CREB1
ENSG00000173273.19,0.5208229543067815,0,739,TNKS
ENSG00000163682.19,0.5207665119041031,0,740,RPL9
ENSG00000135373.15,0.5207664316979451,0,741,EHF
ENSG00000134259.8,0.520750608014957,1,742,NGF
ENSG00000183527.14,0.5205335824104181,0,743,PSMG1
ENSG00000113721.16,0.5204883763464158,1,744,PDGFRB
ENSG00000145029.17,0.5204552807237873,0,745,NICN1
ENSG00000144867.15,0.520360495977994,0,746,SRPRB
ENSG00000253293.7,0.5203395561734756,0,747,HOXA10
ENSG00000103044.13,0.5203141051912298,0,748,HAS3
ENSG00000164318.19,0.5202784386971002,0,749,EGFLAM
ENSG00000185608.11,0.5201657957509702,0,750,MRPL40
ENSG00000067064.14,0.5198272984182716,0,751,IDI1
ENSG00000106397.14,0.5197276835210184,1,752,PLOD3
ENSG00000162739.16,0.5197260898453986,0,753,SLAMF6
ENSG00000136205.20,0.5196336605500947,0,754,TNS3
ENSG00000154096.16,0.5195127331231681,0,755,THY1
ENSG00000196531.16,0.5194981525100942,0,756,NACA
ENSG00000178913.9,0.5192953414198703,0,757,TAF7
ENSG00000100201.24,0.5192358274435186,1,758,DDX17
ENSG00000183283.18,0.519131051352641,0,759,DAZAP2
ENSG00000160310.22,0.51910579300357,0,760,PRMT2
ENSG00000158850.17,0.5188658187628489,0,761,B4GALT3
ENSG00000159128.18,0.5187212804813959,1,762,IFNGR2
ENSG00000069943.12,0.5186275737168479,1,763,PIGB
ENSG00000011600.14,0.5185154857237778,1,764,TYROBP
ENSG00000089280.22,0.5183144591396267,1,765,FUS
ENSG00000085832.20,0.5182459816946442,0,766,EPS15
ENSG00000111679.19,0.518242281521706,0,767,PTPN6
ENSG00000140403.15,0.5181862562807723,0,768,DNAJA4
ENSG00000111639.10,0.517920525101239,0,769,MRPL51
ENSG00000162688.19,0.5178191356095317,1,770,AGL
ENSG00000105676.16,0.5175986878753884,0,771,ARMC6
ENSG00000187555.19,0.5174858881560992,1,772,USP7
ENSG00000163468.17,0.5174513768681356,1,773,CCT3
ENSG00000134202.14,0.5173952650660834,0,774,GSTM3
ENSG00000185499.17,0.5173265538319692,1,775,MUC1
ENSG00000119946.14,0.5172840440198475,0,776,CNNM1
ENSG00000189180.18,0.5171041836260536,0,777,ZNF33A
ENSG00000056736.12,0.5170740437758988,0,778,IL17RB
ENSG00000075223.16,0.5170339581243053,0,779,SEMA3C
ENSG00000196664.6,0.5170226319102696,1,780,TLR7
ENSG00000070614.17,0.5169176178204743,1,781,NDST1
ENSG00000155561.17,0.5168637198275828,1,782,NUP205
ENSG00000072364.15,0.5168262676429428,1,783,AFF4
ENSG00000165733.10,0.5167793891813005,1,784,BMS1
ENSG00000115364.16,0.5167688928930959,0,785,MRPL19
ENSG00000179119.16,0.5166320782019481,1,786,SPTY2D1
ENSG00000116984.17,0.5166059935299938,1,787,MTR
ENSG00000150990.11,0.5164135239332669,1,788,DHX37
ENSG00000188760.13,0.5162684182726202,0,789,TMEM198
ENSG00000134533.8,0.5159837617533237,0,790,RERG
ENSG00000198691.15,0.5158667516045661,1,791,ABCA4
ENSG00000101306.13,0.5158480282945396,0,792,MYLK2
ENSG00000158864.15,0.5156603504093265,1,793,NDUFS2
ENSG00000178567.8,0.5156192207041133,0,794,EPM2AIP1
ENSG00000115756.15,0.5155306124112597,0,795,HPCAL1
ENSG00000159314.15,0.515469210582612,0,796,ARHGAP27
ENSG00000180398.15,0.514747102847878,1,797,MCFD2
ENSG00000134962.9,0.5147243783819628,0,798,KLB
ENSG00000175356.16,0.5146159132255319,0,799,SCUBE2
ENSG00000165832.8,0.5145333542066656,0,800,TRUB1
ENSG00000016602.11,0.51442327164382,0,801,CLCA4
ENSG00000168172.11,0.5144198380082897,0,802,HOOK3
ENSG00000156453.15,0.5143722722637035,0,803,PCDH1
ENSG00000009830.15,0.5141099726660842,1,804,POMT2
ENSG00000169740.16,0.5138469633636046,0,805,ZNF32
ENSG00000173166.20,0.5137285150944065,0,806,RAPH1
ENSG00000099204.24,0.5136668003405619,0,807,ABLIM1
ENSG00000090520.14,0.5134410942040565,1,808,DNAJB11
ENSG00000075651.19,0.5133227176561576,1,809,PLD1
ENSG00000180318.5,0.5132368442050169,1,810,ALX1
ENSG00000178691.14,0.5129307286676097,1,811,SUZ12
ENSG00000125991.23,0.5127827135746729,0,812,ERGIC3
ENSG00000168488.21,0.5127405127954682,0,813,ATXN2L
ENSG00000265972.8,0.5127209016593156,0,814,TXNIP
ENSG00000110108.13,0.51268546584135,0,815,TMEM109
ENSG00000126391.16,0.5125471316778379,0,816,FRMD8
ENSG00000168159.16,0.5124660163114348,0,817,RNF187
ENSG00000087008.18,0.5124178719309285,0,818,ACOX3
ENSG00000120158.13,0.5123957013908398,1,819,RCL1
ENSG00000120129.8,0.5122310059863485,0,820,DUSP1
ENSG00000185909.17,0.5121546903441706,0,821,KLHDC8B
ENSG00000183091.22,0.5121152119083584,1,822,NEB
ENSG00000095059.19,0.5120641088592456,1,823,DHPS
ENSG00000126524.14,0.5119426002136654,1,824,SBDS
ENSG00000172893.20,0.5119323303942349,1,825,DHCR7
ENSG00000137077.11,0.5116101867441153,0,826,CCL21
ENSG00000101977.23,0.5112134479619791,0,827,MCF2
ENSG00000101752.15,0.5111372266021571,1,828,MIB1
ENSG00000140332.20,0.5110746023034657,0,829,TLE3
ENSG00000122884.15,0.5109610971965144,0,830,P4HA1
ENSG00000154719.16,0.5109007855017874,1,831,MRPL39
ENSG00000178602.10,0.5107297922856806,0,832,OTOS
ENSG00000139192.14,0.5107236829527603,0,833,TAPBPL
ENSG00000162975.6,0.5106446196347253,0,834,KCNF1
ENSG00000197779.17,0.5104127620948818,0,835,ZNF81
ENSG00000108604.20,0.5103976357769054,1,836,SMARCD2
ENSG00000198818.12,0.5100502137946122,0,837,SFT2D1
ENSG00000182810.7,0.5099395765707881,0,838,DDX28
ENSG00000001036.16,0.5097967066264878,0,839,FUCA2
ENSG00000125755.22,0.509667525919976,0,840,SYMPK
ENSG00000111203.15,0.5096337003997926,0,841,ITFG2
ENSG00000115232.15,0.5094907212375027,1,842,ITGA4
ENSG00000085415.18,0.5094869969113738,0,843,SEH1L
ENSG00000112701.20,0.5093675076073518,0,844,SENP6
ENSG00000065361.19,0.5093551423072676,1,845,ERBB3
ENSG00000105755.10,0.5091143787320873,1,846,ETHE1
ENSG00000167513.11,0.5088980760823613,1,847,CDT1
ENSG00000197410.15,0.5088221643727177,0,848,DCHS2
ENSG00000118495.23,0.5087934351334308,0,849,PLAGL1
ENSG00000128872.12,0.5087916870608447,0,850,TMOD2
ENSG00000104375.19,0.5086550907991164,0,851,STK3
ENSG00000007062.14,0.5085979697169076,1,852,PROM1
ENSG00000104722.15,0.508580343365994,0,853,NEFM
ENSG00000170382.14,0.508509304707633,0,854,LRRN2
ENSG00000119777.22,0.5084992347706265,0,855,TMEM214
ENSG00000145284.13,0.5084696872391156,1,856,SCD5
ENSG00000196507.13,0.5083156460965574,0,857,TCEAL3
ENSG00000186231.19,0.5082114661245956,0,858,KLHL32
ENSG00000148848.16,0.5081870960740749,0,859,ADAM12
ENSG00000073350.16,0.5080702260720077,1,860,LLGL2
ENSG00000126261.14,0.5079808214763792,1,861,UBA2
ENSG00000143632.17,0.5079133927548063,1,862,ACTA1
ENSG00000137267.9,0.5077461734834542,1,863,TUBB2A
ENSG00000175040.7,0.5077178656624937,0,864,CHST2
ENSG00000117308.17,0.507712679923444,1,865,GALE
ENSG00000143164.18,0.5076431067594421,0,866,DCAF6
ENSG00000126461.17,0.5075681225181065,0,867,SCAF1
ENSG00000083535.18,0.507503088811523,1,868,PIBF1
ENSG00000149043.18,0.5073713656422695,0,869,SYT8
ENSG00000163464.9,0.5073344743926976,0,870,CXCR1
ENSG00000166012.19,0.5073230073784094,0,871,TAF1D
ENSG00000115548.19,0.5071026052272514,0,872,KDM3A
ENSG00000203727.5,0.5069943844516603,0,873,SAMD5
ENSG00000114554.13,0.5069922803535676,1,874,PLXNA1
ENSG00000167114.15,0.5069307982562528,1,875,SLC27A4
ENSG00000258818.6,0.5068905543144868,0,876,RNASE4
ENSG00000116711.12,0.5067162437899494,1,877,PLA2G4A
ENSG00000103495.16,0.5065852482706316,0,878,MAZ
ENSG00000140157.18,0.5064367421397781,0,879,NIPA2
ENSG00000119638.16,0.506384550683807,1,880,NEK9
ENSG00000156234.9,0.5059912747953262,0,881,CXCL13
ENSG00000149541.12,0.5059594945287853,1,882,B3GAT3
ENSG00000145451.13,0.5058374364129975,0,883,GLRA3
ENSG00000135773.15,0.5058373431324837,0,884,CAPN9
ENSG00000163159.17,0.50571798799789,0,885,VPS72
ENSG00000071794.18,0.5055550091254687,0,886,HLTF
ENSG00000163359.19,0.5055216996805649,1,887,COL6A3
ENSG00000135424.21,0.5053509370707718,1,888,ITGA7
ENSG00000137309.23,0.5053195315934693,0,889,HMGA1
ENSG00000170412.20,0.5052771267857481,0,890,GPRC5C
ENSG00000138722.12,0.5052113684692686,0,891,MMRN1
ENSG00000196569.15,0.5051764462939131,1,892,LAMA2
ENSG00000169371.16,0.5051041331962768,1,893,SNUPN
ENSG00000138448.15,0.5050650396996709,1,894,ITGAV
ENSG00000204219.13,0.5046192829084671,0,895,TCEA3
ENSG00000181215.18,0.504566950746725,0,896,C4orf50
ENSG00000154358.24,0.5045492547878597,1,897,OBSCN
ENSG00000009709.15,0.5045449242721779,1,898,PAX7
ENSG00000148248.16,0.5045362335797944,0,899,SURF4
ENSG00000197943.15,0.5044166039238369,1,900,PLCG2
ENSG00000165338.18,0.5043362025333952,0,901,HECTD2
ENSG00000174672.18,0.5042177435383615,1,902,BRSK2
ENSG00000149269.12,0.5042076043816265,1,903,PAK1
ENSG00000185761.13,0.5041852862029503,0,904,ADAMTSL5
ENSG00000180376.19,0.5039024436303765,0,905,CCDC66
ENSG00000112299.10,0.5038908557733963,0,906,VNN1
ENSG00000117318.11,0.5038660978624768,0,907,ID3
ENSG00000186265.13,0.5033948056087508,0,908,BTLA
ENSG00000159251.12,0.5032178798299163,1,909,ACTC1
ENSG00000170242.21,0.5031820379343653,0,910,USP47
ENSG00000127184.15,0.5028952838596755,0,911,COX7C
ENSG00000134287.12,0.5028811548537052,1,912,ARF3
ENSG00000127337.9,0.502687014006885,0,913,YEATS4
ENSG00000138942.19,0.5026286873783902,0,914,RNF185
ENSG00000114857.21,0.5025768106369433,0,915,NKTR
ENSG00000135372.12,0.5024418164437212,0,916,NAT10
ENSG00000169432.20,0.501955197238409,1,917,SCN9A
ENSG00000159140.24,0.5017488881137088,1,918,SON
ENSG00000152592.16,0.5016964539463388,1,919,DMP1
ENSG00000176102.15,0.5016908529472008,0,920,CSTF3
ENSG00000060656.22,0.5016525142899582,0,921,PTPRU
ENSG00000067248.13,0.501503896585205,0,922,DHX29
ENSG00000115556.16,0.501453444490521,0,923,PLCD4
ENSG00000131831.20,0.5013977526186728,0,924,RAI2
ENSG00000032444.17,0.5013623429152586,1,925,PNPLA6
ENSG00000083544.18,0.5012623895530601,0,926,TDRD3
ENSG00000064195.7,0.5012356166609785,1,927,DLX3
ENSG00000187758.10,0.5011027532171292,0,928,ADH1A
ENSG00000132781.24,0.501039445062735,1,929,MUTYH
ENSG00000124104.20,0.5007733967551443,0,930,SNX21
ENSG00000156886.13,0.5004184628285765,0,931,ITGAD
ENSG00000148730.9,0.5003877064605282,0,932,EIF4EBP2
ENSG00000189046.13,0.5003874224649044,0,933,ALKBH2
ENSG00000125823.13,0.5003854509807962,0,934,CSTL1
ENSG00000173338.14,0.5002948687242099,0,935,KCNK7
ENSG00000141646.19,0.5002225016439662,1,936,SMAD4
ENSG00000126457.24,0.5001730484435515,0,937,PRMT1
ENSG00000152254.11,0.5000058381678306,0,938,G6PC2
ENSG00000170509.14,0.4998479614450039,0,939,HSD17B13
ENSG00000160688.21,0.4997221706706893,1,940,FLAD1
ENSG00000168003.21,0.4996845637095489,0,941,SLC3A2
ENSG00000089737.21,0.4994949959734205,0,942,DDX24
ENSG00000116731.24,0.499287660000254,0,943,PRDM2
ENSG00000184508.13,0.4992576726068355,0,944,HDDC3
ENSG00000229453.5,0.4989588105140539,0,945,SPINK8
ENSG00000006125.20,0.4987489255929358,0,946,AP2B1
ENSG00000086544.5,0.4987455186531316,0,947,ITPKC
ENSG00000089057.17,0.4987305289735309,0,948,SLC23A2
ENSG00000105655.21,0.498496370778748,0,949,ISYNA1
ENSG00000108242.15,0.4982831607231739,0,950,CYP2C18
ENSG00000144908.16,0.4980788326402065,0,951,ALDH1L1
ENSG00000105229.9,0.4980778071979873,0,952,PIAS4
ENSG00000185745.11,0.4979919762235664,0,953,IFIT1
ENSG00000130159.17,0.4977744809267439,0,954,ECSIT
ENSG00000153936.19,0.4974693486083064,1,955,HS2ST1
ENSG00000116604.21,0.4974546681265524,0,956,MEF2D
ENSG00000151883.22,0.4973060678246558,0,957,PARP8
ENSG00000111199.14,0.4965902587805295,1,958,TRPV4
ENSG00000147378.13,0.4965228900810709,0,959,FATE1
ENSG00000131115.18,0.4963214184762897,0,960,ZNF227
ENSG00000129988.8,0.4963145082070062,0,961,LBP
ENSG00000164111.17,0.4962905263308106,0,962,ANXA5
ENSG00000101460.15,0.4962470523232232,0,963,MAP1LC3A
ENSG00000091106.21,0.4962128616255459,1,964,NLRC4
ENSG00000069812.13,0.4961541823035335,0,965,HES2
ENSG00000179151.15,0.4961139750835382,1,966,EDC3
ENSG00000170471.17,0.4960586436028142,1,967,RALGAPB
ENSG00000169245.7,0.4957955944265011,0,968,CXCL10
ENSG00000135916.17,0.495713140813338,0,969,ITM2C
ENSG00000153774.11,0.4955963780397554,0,970,CFDP1
ENSG00000138698.17,0.4955177737864775,1,971,RAP1GDS1
ENSG00000115758.16,0.4954990722199763,1,972,ODC1
ENSG00000059122.19,0.4951191543586704,0,973,FLYWCH1
ENSG00000158158.14,0.4951059382254998,1,974,CNNM4
ENSG00000136267.16,0.4951042255071263,0,975,DGKB
ENSG00000133392.21,0.4949956434908591,1,976,MYH11
ENSG00000101391.23,0.4948527674291962,0,977,CDK5RAP1
ENSG00000100330.18,0.4946338269413221,0,978,MTMR3
ENSG00000167977.11,0.4945233287939893,0,979,KCTD5
ENSG00000198625.17,0.4944770364473725,0,980,MDM4
ENSG00000121653.13,0.4943924369379955,0,981,MAPK8IP1
ENSG00000177885.17,0.4943860169462415,0,982,GRB2
ENSG00000197971.17,0.4943397694639498,0,983,MBP
ENSG00000185070.14,0.4943300846596231,0,984,FLRT2
ENSG00000168827.17,0.4943065808623884,1,985,GFM1
ENSG00000050730.18,0.494050719638607,0,986,TNIP3
ENSG00000158747.17,0.4937314124375608,0,987,NBL1
ENSG00000048828.20,0.4935996699273096,0,988,FAM120A
ENSG00000077254.16,0.4934022678350346,0,989,USP33
ENSG00000081277.14,0.4930251478978477,1,990,PKP1
ENSG00000103653.19,0.4929687145068291,0,991,CSK
ENSG00000198959.14,0.4926919999995642,0,992,TGM2
ENSG00000172232.11,0.4926275792823928,0,993,AZU1
ENSG00000160299.20,0.4925555356123579,1,994,PCNT
ENSG00000137221.16,0.4924082970563675,0,995,TJAP1
ENSG00000140092.18,0.4923511695630866,1,996,FBLN5
ENSG00000138193.19,0.4923383420308568,1,997,PLCE1
ENSG00000227051.8,0.4923165254760172,0,998,C14orf132
ENSG00000161654.12,0.4922663218480956,0,999,LSM12
ENSG00000173889.18,0.4919228709418735,0,1000,PHC3
ENSG00000162769.15,0.491890798407932,1,1001,FLVCR1
ENSG00000072803.20,0.4916825715703924,1,1002,FBXW11
ENSG00000089902.12,0.4916210885621768,0,1003,RCOR1
ENSG00000131759.20,0.491106058279618,0,1004,RARA
ENSG00000121058.7,0.491049857923189,0,1005,COIL
ENSG00000011465.20,0.491003929593359,1,1006,DCN
ENSG00000108559.15,0.4909985210345463,1,1007,NUP88
ENSG00000137474.25,0.4908923566735768,1,1008,MYO7A
ENSG00000109606.15,0.4903251430933565,0,1009,DHX15
ENSG00000168439.19,0.4900377394401036,0,1010,STIP1
ENSG00000137225.13,0.4898423392853517,0,1011,CAPN11
ENSG00000176853.18,0.4898421810090905,0,1012,FAM91A1
ENSG00000105447.15,0.4898196134197481,0,1013,GRWD1
ENSG00000134250.23,0.4897866139789084,1,1014,NOTCH2
ENSG00000007392.19,0.4896394174681426,0,1015,LUC7L
ENSG00000167526.17,0.4896077529820772,1,1016,RPL13
ENSG00000168795.7,0.4894905837516329,0,1017,ZBTB5
ENSG00000166685.15,0.4894552495736766,1,1018,COG1
ENSG00000153531.16,0.4894182678356586,0,1019,ADPRHL1
ENSG00000131788.18,0.4893463179505382,0,1020,PIAS3
ENSG00000103222.22,0.4893445826450526,1,1021,ABCC1
ENSG00000108671.13,0.4890725497203154,1,1022,PSMD11
ENSG00000263639.8,0.4890708333965812,0,1023,MSMB
ENSG00000183479.15,0.4889834820048657,0,1024,TREX2
ENSG00000172578.13,0.4889382499736285,0,1025,KLHL6
ENSG00000145703.18,0.4889304145965258,0,1026,IQGAP2
ENSG00000071189.23,0.4887885006939994,0,1027,SNX13
ENSG00000174547.15,0.4886754028338078,0,1028,MRPL11
ENSG00000255112.3,0.4886264860419779,0,1029,CHMP1B
ENSG00000068137.17,0.4885013791544508,0,1030,PLEKHH3
ENSG00000119537.20,0.4882462726903639,1,1031,KDSR
ENSG00000122482.24,0.4882280547885882,1,1032,ZNF644
ENSG00000123505.22,0.4881690258315206,1,1033,AMD1
ENSG00000133574.12,0.4880542385734294,0,1034,GIMAP4
ENSG00000155760.3,0.4878383233889355,0,1035,FZD7
ENSG00000119711.15,0.4877492352242856,1,1036,ALDH6A1
ENSG00000197632.11,0.4874100442872573,0,1037,SERPINB2
ENSG00000139505.15,0.4874048338417458,0,1038,MTMR6
ENSG00000163214.23,0.4873820848886992,0,1039,DHX57
ENSG00000100393.18,0.4873224646405942,1,1040,EP300
ENSG00000166483.14,0.4873182688972413,0,1041,WEE1
ENSG00000007341.21,0.4871772859104459,0,1042,ST7L
ENSG00000010244.21,0.4871432516122344,0,1043,ZNF207
ENSG00000185361.11,0.4871186427298701,0,1044,TNFAIP8L1
ENSG00000169359.18,0.487058640064085,1,1045,SLC33A1
ENSG00000198517.12,0.4869653790216272,0,1046,MAFK
ENSG00000140941.16,0.4868403216009712,0,1047,MAP1LC3B
ENSG00000100029.20,0.4867787916037937,0,1048,PES1
ENSG00000215421.12,0.4866533248613252,1,1049,ZNF407
ENSG00000198053.14,0.4864935597579644,0,1050,SIRPA
ENSG00000100284.24,0.4864096000759881,1,1051,TOM1
ENSG00000196387.12,0.486321169198391,0,1052,ZNF140
ENSG00000243543.11,0.4862781170258106,0,1053,WFDC6
ENSG00000174175.19,0.4858125386999648,0,1054,SELP
ENSG00000251322.12,0.4857182843116894,1,1055,SHANK3
ENSG00000145242.16,0.4853520008041309,0,1056,EPHA5
ENSG00000166311.12,0.485344516701826,1,1057,SMPD1
ENSG00000132388.15,0.4852975177089465,0,1058,UBE2G1
ENSG00000186908.17,0.4852633785320086,0,1059,ZDHHC17
ENSG00000024862.20,0.4851790884020988,0,1060,CCDC28A
ENSG00000139352.5,0.4851378338095768,0,1061,ASCL1
ENSG00000088992.20,0.485100196023192,0,1062,TESC
ENSG00000103024.10,0.4849682580304671,0,1063,NME3
ENSG00000163082.12,0.4846856466929054,0,1064,SGPP2
ENSG00000136448.15,0.4846789593396687,0,1065,NMT1
ENSG00000159173.21,0.4846348682448854,0,1066,TNNI1
ENSG00000132740.12,0.4845281616788264,1,1067,IGHMBP2
ENSG00000170426.2,0.4845202682912015,1,1068,SDR9C7
ENSG00000103152.13,0.4845090248803411,0,1069,MPG
ENSG00000101596.19,0.4842419716914525,1,1070,SMCHD1
ENSG00000100325.17,0.4841011687493894,0,1071,ASCC2
ENSG00000130559.20,0.4839557227536871,1,1072,CAMSAP1
ENSG00000105894.15,0.4836134508830486,0,1073,PTN
ENSG00000173812.13,0.4835576214477328,0,1074,EIF1
ENSG00000114019.17,0.4833375987921622,0,1075,AMOTL2
ENSG00000237441.12,0.4833008374105698,0,1076,RGL2
ENSG00000166225.11,0.4830228828402729,0,1077,FRS2
ENSG00000175550.9,0.4828254681116233,0,1078,DRAP1
ENSG00000160208.14,0.4826684779624487,0,1079,RRP1B
ENSG00000129946.13,0.4826194468761371,0,1080,SHC2
ENSG00000064601.23,0.4825780579274979,1,1081,CTSA
ENSG00000198492.18,0.4825040299863157,0,1082,YTHDF2
ENSG00000103196.14,0.4824395499163268,0,1083,CRISPLD2
ENSG00000064419.16,0.4823802936426225,1,1084,TNPO3
ENSG00000171812.14,0.4822561656835035,1,1085,COL8A2
ENSG00000153404.17,0.4821661876273946,0,1086,PLEKHG4B
ENSG00000125814.19,0.4819859801800413,1,1087,NAPB
ENSG00000173540.16,0.4819169986412923,1,1088,GMPPB
ENSG00000079215.17,0.4818964261849108,1,1089,SLC1A3
ENSG00000131931.10,0.4818830502369673,1,1090,THAP1
ENSG00000129654.10,0.4818600559226088,1,1091,FOXJ1
ENSG00000124356.19,0.4817972088482247,1,1092,STAMBP
ENSG00000196616.17,0.4817795334679348,0,1093,ADH1B
ENSG00000038295.9,0.4817464736573895,1,1094,TLL1
ENSG00000066279.21,0.4817142764218196,1,1095,ASPM
ENSG00000151689.15,0.4816619486761472,0,1096,INPP1
ENSG00000174483.22,0.4814996270179359,1,1097,BBS1
ENSG00000049860.15,0.4813235721336606,1,1098,HEXB
ENSG00000037042.11,0.4812400893712847,0,1099,TUBG2
ENSG00000125841.16,0.4812290232055834,0,1100,NRSN2
ENSG00000196208.16,0.4811789441171625,0,1101,GREB1
ENSG00000166888.15,0.4808295176898755,1,1102,STAT6
ENSG00000228474.8,0.4807589089624548,0,1103,OST4
ENSG00000204852.19,0.480709202220788,1,1104,TCTN1
ENSG00000138271.6,0.4806970277378808,0,1105,GPR87
ENSG00000156535.16,0.480520400125838,0,1106,CD109
ENSG00000152128.15,0.4805069385339923,1,1107,TMEM163
ENSG00000118965.18,0.4803024280906378,1,1108,WDR35
ENSG00000175166.19,0.480299745822795,0,1109,PSMD2
ENSG00000125245.15,0.4801445839871396,0,1110,GPR18
ENSG00000133121.23,0.4801419291872335,0,1111,STARD13
ENSG00000182158.18,0.4799446688534436,0,1112,CREB3L2
ENSG00000108784.12,0.4798606674106885,1,1113,NAGLU
ENSG00000121864.12,0.4797643284481006,0,1114,ZNF639
ENSG00000146648.23,0.4796545409706545,1,1115,EGFR
ENSG00000137265.18,0.479604219291986,1,1116,IRF4
ENSG00000076685.21,0.4793244581019725,1,1117,NT5C2
ENSG00000256574.10,0.4792194204319105,0,1118,OR13A1
ENSG00000275835.7,0.4791864736704544,0,1119,TUBGCP5
ENSG00000123353.12,0.4791425407788719,0,1120,ORMDL2
ENSG00000147465.14,0.4790390895467524,1,1121,STAR
ENSG00000266524.5,0.4789945061711632,0,1122,GDF10
ENSG00000137877.10,0.4789817400071227,0,1123,SPTBN5
ENSG00000075188.11,0.4786373220138902,1,1124,NUP37
ENSG00000105640.15,0.4786034838623185,0,1125,RPL18A
ENSG00000117148.10,0.4785400448475979,0,1126,ACTL8
ENSG00000051180.19,0.4784549090945183,1,1127,RAD51
ENSG00000170325.18,0.4783859692110399,0,1128,PRDM10
ENSG00000177971.9,0.4783590326947056,0,1129,IMP3
ENSG00000196547.18,0.4783534897475722,0,1130,MAN2A2
ENSG00000214160.12,0.4779586362781789,1,1131,ALG3
ENSG00000169567.15,0.4779125288119528,1,1132,HINT1
ENSG00000138303.21,0.4777756250998168,1,1133,ASCC1
ENSG00000134375.13,0.4775823643274673,0,1134,TIMM17A
ENSG00000242550.7,0.4774421811960147,0,1135,SERPINB10
ENSG00000257017.12,0.4774209546435785,0,1136,HP
ENSG00000090581.13,0.4773454439565146,1,1137,GNPTG
ENSG00000077984.8,0.4771367420216301,0,1138,CST7
ENSG00000125977.9,0.4771188822459574,0,1139,EIF2S2
ENSG00000187608.11,0.4769473211576063,1,1140,ISG15
ENSG00000138107.15,0.4768637419158872,0,1141,ACTR1A
ENSG00000137106.20,0.4766078756144021,1,1142,GRHPR
ENSG00000114503.12,0.4763879690264644,0,1143,NCBP2
ENSG00000240891.9,0.4763632959353397,0,1144,PLCXD2
ENSG00000115738.12,0.476161335923194,0,1145,ID2
ENSG00000164934.17,0.4760536686953897,0,1146,DCAF13
ENSG00000144566.13,0.476007735362828,0,1147,RAB5A
ENSG00000175467.17,0.4760074424272248,0,1148,SART1
ENSG00000106245.13,0.4757910483759051,0,1149,BUD31
ENSG00000170312.19,0.4756236228701835,0,1150,CDK1
ENSG00000171490.15,0.4754784316826184,0,1151,RSL1D1
ENSG00000142327.15,0.4754219946875504,0,1152,RNPEPL1
ENSG00000146463.14,0.4754075743404971,0,1153,ZMYM4
ENSG00000166592.15,0.4753648073269799,0,1154,RRAD
ENSG00000162851.10,0.4752591121142024,0,1155,TFB2M
ENSG00000063854.15,0.4752159525178256,0,1156,HAGH
ENSG00000114455.17,0.475118637110848,0,1157,HHLA2
ENSG00000180245.7,0.4749690994332585,0,1158,RRH
ENSG00000135108.18,0.4748594212668798,0,1159,FBXO21
ENSG00000012983.14,0.4748350692340037,0,1160,MAP4K5
ENSG00000145916.21,0.4748244358338687,0,1161,RMND5B
ENSG00000185666.17,0.4747276009399601,1,1162,SYN3
ENSG00000107819.17,0.474430049363088,0,1163,SFXN3
ENSG00000164070.14,0.4742495952269705,0,1164,HSPA4L
ENSG00000100347.17,0.4740729790649564,0,1165,SAMM50
ENSG00000179088.17,0.4740462490547218,0,1166,C12orf42
ENSG00000108861.11,0.4740292248690173,0,1167,DUSP3
ENSG00000167258.18,0.4739232280410694,0,1168,CDK12
ENSG00000115590.16,0.4737234316796495,0,1169,IL1R2
ENSG00000187714.7,0.4736675611596592,0,1170,SLC18A3
ENSG00000176261.18,0.4736340696920262,0,1171,ZBTB8OS
ENSG00000169762.19,0.4735952324746069,1,1172,TAPT1
ENSG00000145794.18,0.4732828488586683,1,1173,MEGF10
ENSG00000140519.16,0.4729861835631531,0,1174,RHCG
ENSG00000162702.10,0.4726463336462292,0,1175,ZNF281
ENSG00000145247.14,0.4726371094306383,0,1176,OCIAD2
ENSG00000103855.20,0.4724134125928792,0,1177,CD276
ENSG00000164023.17,0.472331466082625,1,1178,SGMS2
ENSG00000130052.15,0.4722316986003007,0,1179,STARD8
ENSG00000175581.16,0.4722194244941528,0,1180,MRPL48
ENSG00000133316.18,0.4721261684802045,0,1181,WDR74
ENSG00000136699.22,0.4721203389051504,1,1182,SMPD4
ENSG00000204710.4,0.4719486431403305,0,1183,SPDYC
ENSG00000164144.18,0.4717400105769783,0,1184,ARFIP1
ENSG00000116199.14,0.4717106893070888,0,1185,FAM20B
ENSG00000214087.11,0.4716932342364495,0,1186,ARL16
ENSG00000122068.15,0.4715397015047673,0,1187,FYTTD1
ENSG00000165023.8,0.4714843254649865,0,1188,DIRAS2
ENSG00000005801.20,0.4714234415497998,0,1189,ZNF195
ENSG00000115325.16,0.4711842987807965,1,1190,DOK1
ENSG00000137976.9,0.4711683915726892,0,1191,DNASE2B
ENSG00000241258.10,0.4708563185882728,0,1192,CRCP
ENSG00000172995.19,0.4708532058009103,0,1193,ARPP21
ENSG00000168329.16,0.4707826009900325,0,1194,CX3CR1
ENSG00000174276.7,0.4707521348872344,0,1195,ZNHIT2
ENSG00000125124.16,0.470592987176856,1,1196,BBS2
ENSG00000185013.18,0.4705313380962821,0,1197,NT5C1B
ENSG00000181982.22,0.470430972199179,0,1198,CCDC149
ENSG00000134072.13,0.4703108390459904,0,1199,CAMK1
ENSG00000196460.15,0.4701786801758025,0,1200,RFX8
ENSG00000130881.15,0.4701629168371556,0,1201,LRP3
ENSG00000112584.16,0.4698750671600649,0,1202,FAM120B
ENSG00000172264.20,0.4697622972693412,0,1203,MACROD2
ENSG00000110660.17,0.4696440364728314,0,1204,SLC35F2
ENSG00000198033.14,0.4695902853813493,0,1205,TUBA3C
ENSG00000176029.15,0.4694966331624242,0,1206,C11orf16
ENSG00000096080.14,0.4694941566582016,0,1207,MRPS18A
ENSG00000240230.7,0.4694411584430051,0,1208,COX19
ENSG00000137033.14,0.4693644987510638,0,1209,IL33
ENSG00000104973.21,0.4693392688235218,1,1210,MED25
ENSG00000094841.16,0.469274315343518,0,1211,UPRT
ENSG00000110002.18,0.4690124380462999,0,1212,VWA5A
ENSG00000100354.24,0.4689973347074241,1,1213,TNRC6B
ENSG00000257594.4,0.4688749316924767,0,1214,GALNT4
ENSG00000100038.22,0.4687519950956149,0,1215,TOP3B
ENSG00000242612.9,0.4687192465406877,0,1216,DECR2
ENSG00000177076.7,0.468482960230338,0,1217,ACER2
ENSG00000141255.14,0.4684193157258545,1,1218,SPATA22
ENSG00000178372.8,0.4684011995018244,0,1219,CALML5
ENSG00000163162.11,0.4683847266000563,0,1220,RNF149
ENSG00000154027.20,0.4682716307977396,0,1221,AK5
ENSG00000196335.14,0.4679511439959178,0,1222,STK31
ENSG00000172336.7,0.4679102218623536,0,1223,POP7
ENSG00000130725.10,0.4675233510799021,0,1224,UBE2M
ENSG00000173598.16,0.4675138138457863,0,1225,NUDT4
ENSG00000181026.17,0.4674489829785285,0,1226,AEN
ENSG00000139648.7,0.4672425411175402,1,1227,KRT71
ENSG00000114023.17,0.4672166333018596,0,1228,FAM162A
ENSG00000167671.14,0.4670939739491655,0,1229,UBXN6
ENSG00000004468.15,0.467069087544106,0,1230,CD38
ENSG00000130595.22,0.4670553343524131,1,1231,TNNT3
ENSG00000073417.17,0.4670499529611867,0,1232,PDE8A
ENSG00000165264.13,0.4670192238098737,0,1233,NDUFB6
ENSG00000166411.16,0.4669283181477411,1,1234,IDH3A
ENSG00000183696.16,0.4668539607200313,0,1235,UPP1
ENSG00000130957.6,0.4665877260473846,0,1236,FBP2
ENSG00000101654.20,0.4664695971403789,0,1237,RNMT
ENSG00000095303.19,0.4664151073249201,0,1238,PTGS1
ENSG00000178921.16,0.4664018489596322,1,1239,PFAS
ENSG00000147905.20,0.4661354470727501,0,1240,ZCCHC7
ENSG00000087995.18,0.4660881394775751,0,1241,METTL2A
ENSG00000129009.15,0.4660519610133368,0,1242,ISLR
ENSG00000132024.20,0.466002320361701,1,1243,CC2D1A
ENSG00000165810.19,0.4659534290112455,0,1244,BTNL9
ENSG00000090372.16,0.4659333275306467,0,1245,STRN4
ENSG00000063177.15,0.4657326921021198,0,1246,RPL18
ENSG00000136631.18,0.4656717662421336,1,1247,VPS45
ENSG00000150201.17,0.4655962586649891,0,1248,FXYD4
ENSG00000119917.16,0.4655338172698363,0,1249,IFIT3
ENSG00000138622.4,0.4655305780563021,1,1250,HCN4
ENSG00000089558.10,0.4652727575984461,0,1251,KCNH4
ENSG00000105880.8,0.46526774697018,1,1252,DLX5
ENSG00000178623.15,0.4652318282948311,0,1253,GPR35
ENSG00000100889.14,0.4650813333664278,0,1254,PCK2
ENSG00000131652.16,0.4650160083207315,1,1255,THOC6
ENSG00000104313.22,0.4649208273140612,1,1256,EYA1
ENSG00000005381.9,0.4648854581706361,1,1257,MPO
ENSG00000119673.18,0.4648101804600245,0,1258,ACOT2
ENSG00000240505.9,0.4647783412164311,1,1259,TNFRSF13B
ENSG00000176087.18,0.4647262656609652,0,1260,SLC35A4
ENSG00000114248.12,0.4647121312823444,0,1261,LRRC31
ENSG00000138376.13,0.4645941771076775,1,1262,BARD1
ENSG00000211460.14,0.4642683679884967,0,1263,TSN
ENSG00000139178.14,0.464213239853564,0,1264,C1RL
ENSG00000119599.20,0.4640959943771223,0,1265,DCAF4
ENSG00000184990.15,0.463860374096984,0,1266,SIVA1
ENSG00000109572.18,0.4638012480563458,1,1267,CLCN3
ENSG00000198643.9,0.463779656815691,0,1268,FAM3D
ENSG00000144868.16,0.4634704463181913,0,1269,TMEM108
ENSG00000157110.18,0.4634098575308539,0,1270,RBPMS
ENSG00000140859.18,0.463308738705973,0,1271,KIFC3
ENSG00000163029.18,0.463302977619317,0,1272,SMC6
ENSG00000137804.16,0.4630674122446436,0,1273,NUSAP1
ENSG00000140285.14,0.4629701018042833,0,1274,FGF7
ENSG00000136875.15,0.4628726012533276,0,1275,PRPF4
ENSG00000101746.18,0.4628294953006408,0,1276,NOL4
ENSG00000164219.11,0.4627689606571826,0,1277,PGGT1B
ENSG00000165097.18,0.4626480432494671,0,1278,KDM1B
ENSG00000176022.7,0.4624552245572333,1,1279,B3GALT6
ENSG00000006576.19,0.4624462318008596,0,1280,PHTF2
ENSG00000129518.12,0.4622278154253247,0,1281,EAPP
ENSG00000157881.18,0.4621094450939,1,1282,PANK4
ENSG00000171759.12,0.4620779185957319,1,1283,PAH
ENSG00000214367.11,0.4620573393929184,0,1284,HAUS3
ENSG00000196139.16,0.4619373990717084,0,1285,AKR1C3
ENSG00000129007.18,0.4618673428867755,0,1286,CALML4
ENSG00000137337.18,0.4618342836726994,1,1287,MDC1
ENSG00000128713.15,0.4615445695079156,0,1288,HOXD11
ENSG00000101435.6,0.4615363336151144,0,1289,CST9L
ENSG00000176396.12,0.4612518767605323,0,1290,EID2
ENSG00000179546.7,0.4610580116873694,0,1291,HTR1D
ENSG00000073605.21,0.4608825133236151,0,1292,GSDMB
ENSG00000179820.19,0.46061187354139,0,1293,MYADM
ENSG00000197785.16,0.4602743138213759,1,1294,ATAD3A
ENSG00000166426.10,0.4602645265151766,0,1295,CRABP1
ENSG00000001561.9,0.4600060150397215,0,1296,ENPP4
ENSG00000082438.20,0.4599596810298021,0,1297,COBLL1
ENSG00000042753.14,0.4597219494190105,1,1298,AP2S1
ENSG00000164008.19,0.4596446012989408,0,1299,C1orf50
ENSG00000154975.16,0.4594330995088618,0,1300,CA10
ENSG00000174482.12,0.4592810173609048,0,1301,LINGO2
ENSG00000101190.15,0.4592316653304163,0,1302,TCFL5
ENSG00000105983.25,0.4592207704995277,1,1303,LMBR1
ENSG00000157450.18,0.459080919336563,0,1304,RNF111
ENSG00000113522.16,0.4584902662948734,1,1305,RAD50
ENSG00000166484.22,0.4584788959999533,1,1306,MAPK7
ENSG00000172009.17,0.4584525828104036,0,1307,THOP1
ENSG00000125257.18,0.4583445622462346,0,1308,ABCC4
ENSG00000103248.21,0.4583278147925655,0,1309,MTHFSD
ENSG00000278259.7,0.4581894650085613,0,1310,MYO19
ENSG00000183023.21,0.4581113825696,0,1311,SLC8A1
ENSG00000197345.15,0.4577051895232875,0,1312,MRPL21
ENSG00000189077.13,0.4573351582692562,0,1313,TMEM120A
ENSG00000196526.13,0.4573263509517674,0,1314,AFAP1
ENSG00000261857.9,0.4572964409339684,0,1315,MIA
ENSG00000111674.11,0.4572124173557799,0,1316,ENO2
ENSG00000012779.14,0.4571844848828869,0,1317,ALOX5
ENSG00000108932.15,0.4571489660566004,0,1318,SLC16A6
ENSG00000198523.8,0.4570207932216552,1,1319,PLN
ENSG00000197114.14,0.4569774071449057,0,1320,ZGPAT
ENSG00000143222.14,0.4565710799606363,1,1321,UFC1
ENSG00000205476.10,0.456404526833976,0,1322,CCDC85C
ENSG00000139625.15,0.4563702251733326,0,1323,MAP3K12
ENSG00000213901.13,0.4563453832869029,0,1324,SLC23A3
ENSG00000148082.11,0.4563335558286376,0,1325,SHC3
ENSG00000101447.16,0.4562088588488879,0,1326,FAM83D
ENSG00000143079.17,0.4561533093173586,0,1327,CTTNBP2NL
ENSG00000105669.16,0.4560124476663446,0,1328,COPE
ENSG00000177156.13,0.4559611676576261,1,1329,TALDO1
ENSG00000118473.25,0.4559519246391111,0,1330,SGIP1
ENSG00000169777.7,0.45593918970976,0,1331,TAS2R1
ENSG00000123975.7,0.4559246613882233,0,1332,CKS2
ENSG00000196678.16,0.4558454983429043,0,1333,ERI2
ENSG00000111344.14,0.4558148617626114,0,1334,RASAL1
ENSG00000111843.16,0.4557845873070773,0,1335,TMEM14C
ENSG00000138606.21,0.4556992704902364,0,1336,SHF
ENSG00000110651.15,0.4555032819984605,1,1337,CD81
ENSG00000196408.14,0.4553391039559338,0,1338,NOXO1
ENSG00000141560.17,0.455336241897004,0,1339,FN3KRP
ENSG00000172262.14,0.4551947134233792,0,1340,ZNF131
ENSG00000185933.7,0.4551921253611084,0,1341,CALHM1
ENSG00000048471.16,0.455134421699743,0,1342,SNX29
ENSG00000168216.15,0.4550276287635242,1,1343,LMBRD1
ENSG00000007541.19,0.4550015447596147,1,1344,PIGQ
ENSG00000275395.8,0.4549041542962516,0,1345,FCGBP
ENSG00000138316.13,0.4548369544693258,0,1346,ADAMTS14
ENSG00000173801.19,0.4546916870563187,1,1347,JUP
ENSG00000187735.18,0.4546879832265396,0,1348,TCEA1
ENSG00000114745.17,0.4542992542318345,0,1349,GORASP1
ENSG00000185615.18,0.4540217847901546,0,1350,PDIA2
ENSG00000099783.15,0.4539983449429703,0,1351,HNRNPM
ENSG00000136527.21,0.4539827512380028,1,1352,TRA2B
ENSG00000104723.23,0.4537189226044977,1,1353,TUSC3
ENSG00000005156.14,0.4535887652949905,1,1354,LIG3
ENSG00000143195.15,0.4535871473285912,0,1355,ILDR2
ENSG00000126231.17,0.4535849992228142,0,1356,PROZ
ENSG00000188133.8,0.4534909598580183,0,1357,TMEM215
ENSG00000105185.14,0.4533846981080887,0,1358,PDCD5
ENSG00000140280.16,0.4533821935071409,0,1359,LYSMD2
ENSG00000160058.21,0.453208747646016,0,1360,BSDC1
ENSG00000177807.12,0.4530475537845631,1,1361,KCNJ10
ENSG00000148719.18,0.4529182260917553,0,1362,DNAJB12
ENSG00000075643.8,0.4528455987884281,1,1363,MOCOS
ENSG00000140044.15,0.4526847928344155,0,1364,JDP2
ENSG00000178997.13,0.4524945756732597,0,1365,EXD1
ENSG00000149182.17,0.4522926686415502,0,1366,ARFGAP2
ENSG00000136161.15,0.4522501975165316,0,1367,RCBTB2
ENSG00000078804.15,0.452171498978239,0,1368,TP53INP2
ENSG00000158773.16,0.4521692886479423,0,1369,USF1
ENSG00000166887.18,0.4519772256769737,0,1370,VPS39
ENSG00000138398.19,0.4518231466907983,0,1371,PPIG
ENSG00000128590.7,0.4518216341666805,0,1372,DNAJB9
ENSG00000227507.4,0.4516208085943192,0,1373,LTB
ENSG00000102796.14,0.4515644745827523,0,1374,DHRS12
ENSG00000141576.18,0.4515303284882974,1,1375,RNF157
ENSG00000134001.17,0.4513592826928592,0,1376,EIF2S1
ENSG00000179588.10,0.4512735096377296,0,1377,ZFPM1
ENSG00000005187.14,0.4510625234760464,1,1378,ACSM3
ENSG00000169439.14,0.4509848708227982,0,1379,SDC2
ENSG00000183048.14,0.4509336362714686,0,1380,SLC25A10
ENSG00000102996.7,0.4508523337350336,1,1381,MMP15
ENSG00000050748.20,0.4508383326679461,0,1382,MAPK9
ENSG00000099364.19,0.4507922698512571,0,1383,FBXL19
ENSG00000214114.11,0.4506706565087908,0,1384,MYCBP
ENSG00000171786.6,0.4503037927200681,0,1385,NHLH1
ENSG00000182463.17,0.4502305072479766,0,1386,TSHZ2
ENSG00000185252.21,0.4500296725043315,0,1387,ZNF74
ENSG00000109466.16,0.4498351295495395,0,1388,KLHL2
ENSG00000150556.19,0.4498212659408265,0,1389,LYPD6B
ENSG00000152270.12,0.4495872665164949,1,1390,PDE3B
ENSG00000100811.16,0.449505164325338,1,1391,YY1
ENSG00000161640.17,0.4494009213268756,0,1392,SIGLEC11
ENSG00000165272.18,0.4492223760626223,0,1393,AQP3
ENSG00000183421.13,0.4491577356036627,1,1394,RIPK4
ENSG00000047648.24,0.4489230425807076,0,1395,ARHGAP6
ENSG00000139144.13,0.448659836044202,1,1396,PIK3C2G
ENSG00000105472.16,0.4484238757232892,0,1397,CLEC11A
ENSG00000162738.9,0.4483705206168868,0,1398,VANGL2
ENSG00000180329.16,0.4483292913324875,0,1399,CCDC43
ENSG00000133985.5,0.448251038527877,0,1400,TTC9
ENSG00000120254.18,0.448176252841332,0,1401,MTHFD1L
ENSG00000221829.13,0.448166333201261,1,1402,FANCG
ENSG00000130222.13,0.4481351559933717,0,1403,GADD45G
ENSG00000128510.13,0.4481307571267762,0,1404,CPA4
ENSG00000231925.16,0.4480925567622775,1,1405,TAPBP
ENSG00000164916.13,0.448018085737802,0,1406,FOXK1
ENSG00000187091.16,0.4479950134576977,1,1407,PLCD1
ENSG00000107872.16,0.4479757907349539,0,1408,FBXL15
ENSG00000085511.22,0.4479737318838852,0,1409,MAP3K4
ENSG00000123737.15,0.4478574978035143,1,1410,EXOSC9
ENSG00000141524.21,0.4478044026698056,1,1411,TMC6
ENSG00000151468.13,0.4477394344222605,0,1412,CCDC3
ENSG00000108064.13,0.4470713165886614,0,1413,TFAM
ENSG00000129347.23,0.4469931435906032,0,1414,KRI1
ENSG00000127191.21,0.4468943828343588,0,1415,TRAF2
ENSG00000004866.24,0.4467801096924522,0,1416,ST7
ENSG00000124212.8,0.4467012258973742,1,1417,PTGIS
ENSG00000197465.15,0.4465416816253602,0,1418,GYPE
ENSG00000262246.8,0.4465213576633592,0,1419,CORO7
ENSG00000133116.9,0.4463450165414444,0,1420,KL
ENSG00000240694.11,0.4462752688857421,0,1421,PNMA2
ENSG00000189056.16,0.4461897836951334,1,1422,RELN
ENSG00000166292.14,0.4461193622984936,0,1423,TMEM100
ENSG00000164830.20,0.4460656638631591,1,1424,OXR1
ENSG00000189283.12,0.4460291177980205,1,1425,FHIT
ENSG00000183742.15,0.4459045217411252,0,1426,MACC1
ENSG00000109016.20,0.4458126215186921,0,1427,DHRS7B
ENSG00000132704.18,0.4457890028903505,0,1428,FCRL2
ENSG00000108231.15,0.4457589535082691,1,1429,LGI1
ENSG00000260325.2,0.4456876128574736,0,1430,HSPB9
ENSG00000105552.17,0.4456173335103383,1,1431,BCAT2
ENSG00000137752.27,0.4455994723940579,0,1432,CASP1
ENSG00000148019.16,0.4455698442734794,1,1433,CEP78
ENSG00000141338.17,0.445528594844576,1,1434,ABCA8
ENSG00000162510.6,0.4454187465338177,0,1435,MATN1
ENSG00000144895.14,0.4454068823846631,0,1436,EIF2A
ENSG00000153767.12,0.445270876254292,0,1437,GTF2E1
ENSG00000157368.14,0.4451157962138897,0,1438,IL34
ENSG00000158050.8,0.4450400579213709,0,1439,DUSP2
ENSG00000149016.18,0.4448553516713214,0,1440,TUT1
ENSG00000163607.20,0.4448130591971618,0,1441,GTPBP8
ENSG00000113621.17,0.4446917791739048,1,1442,TXNDC15
ENSG00000168077.16,0.4444308560298014,0,1443,SCARA3
ENSG00000187048.16,0.4442370700711687,0,1444,CYP4A11
ENSG00000172005.13,0.4442080758363122,0,1445,MAL
ENSG00000135625.10,0.444116930349447,0,1446,EGR4
ENSG00000115053.19,0.4440766861453851,0,1447,NCL
ENSG00000125686.14,0.4440525721317434,0,1448,MED1
ENSG00000145721.14,0.4439864251154959,0,1449,LIX1
ENSG00000183625.18,0.4438838023009308,0,1450,CCR3
ENSG00000151846.9,0.4437575735894906,0,1451,PABPC3
ENSG00000138336.11,0.44369931114419,0,1452,TET1
ENSG00000145217.16,0.4436897105299344,0,1453,SLC26A1
ENSG00000164258.14,0.4432741326513662,1,1454,NDUFS4
ENSG00000154639.21,0.4432039122711709,0,1455,CXADR
ENSG00000197629.7,0.4431823996232514,1,1456,MPEG1
ENSG00000168569.10,0.4430071691136996,0,1457,TMEM223
ENSG00000132912.16,0.4429743681536183,0,1458,DCTN4
ENSG00000138744.19,0.442887589262363,0,1459,NAAA
ENSG00000145439.14,0.4427731782707552,0,1460,CBR4
ENSG00000114738.13,0.4425411626793885,1,1461,MAPKAPK3
ENSG00000174844.16,0.442394253571687,1,1462,DNAH12
ENSG00000085433.19,0.4423493384276079,0,1463,WDR47
ENSG00000105509.13,0.4420596442203852,0,1464,HAS1
ENSG00000100372.17,0.4420449383111607,0,1465,SLC25A17
ENSG00000158104.13,0.4418646305488716,1,1466,HPD
ENSG00000198752.13,0.4417984917833618,1,1467,CDC42BPB
ENSG00000187672.17,0.4417107398182195,0,1468,ERC2
ENSG00000169836.6,0.4416553493977397,1,1469,TACR3
ENSG00000176046.11,0.4416099154430468,0,1470,NUPR1
ENSG00000152556.19,0.4414947905086829,1,1471,PFKM
ENSG00000100100.16,0.4414624154825577,0,1472,PIK3IP1
ENSG00000141431.15,0.4410471977387042,1,1473,ASXL3
ENSG00000152661.11,0.4410235245346692,1,1474,GJA1
ENSG00000011260.16,0.4409143248280771,0,1475,UTP18
ENSG00000099817.14,0.4409129617662248,1,1476,POLR2E
ENSG00000137776.19,0.440645477603305,0,1477,SLTM
ENSG00000121053.6,0.4406238433029412,0,1478,EPX
ENSG00000070778.15,0.4405892272052745,0,1479,PTPN21
ENSG00000144120.15,0.4404539833865965,0,1480,TMEM177
ENSG00000073712.17,0.4403365684922122,0,1481,FERMT2
ENSG00000119725.23,0.4402769752526115,0,1482,ZNF410
ENSG00000172020.15,0.4400809863316769,0,1483,GAP43
ENSG00000175077.7,0.4400258151623211,0,1484,RTP1
ENSG00000125744.14,0.4398575871877361,1,1485,RTN2
ENSG00000116157.7,0.4398352097568894,0,1486,GPX7
ENSG00000111229.18,0.4395475521006576,0,1487,ARPC3
ENSG00000118689.17,0.4393834558779592,0,1488,FOXO3
ENSG00000184939.17,0.4393043106566041,0,1489,ZFP90
ENSG00000093010.17,0.4392773415427502,1,1490,COMT
ENSG00000138075.16,0.4392647886525997,1,1491,ABCG5
ENSG00000154832.18,0.4390676109052825,0,1492,CXXC1
ENSG00000197416.7,0.4390468416721331,0,1493,FABP12
ENSG00000141668.12,0.4388110274661394,0,1494,CBLN2
ENSG00000095539.18,0.4384261726678336,0,1495,SEMA4G
ENSG00000170162.16,0.4384184040943646,0,1496,VGLL2
ENSG00000163687.16,0.4384113383518475,1,1497,DNASE1L3
ENSG00000164576.14,0.4383452652541952,0,1498,SAP30L
ENSG00000065485.22,0.4383439664640591,0,1499,PDIA5
ENSG00000096872.19,0.438137583277141,1,1500,IFT74
ENSG00000243284.1,0.4379931298758048,0,1501,VSIG8
ENSG00000163743.16,0.4377639747193845,1,1502,RCHY1
ENSG00000125629.18,0.4375477590451189,0,1503,INSIG2
ENSG00000142910.18,0.4374877755846565,0,1504,TINAGL1
ENSG00000167377.21,0.4373706926336211,0,1505,ZNF23
ENSG00000183207.17,0.4372499782537316,0,1506,RUVBL2
ENSG00000065268.13,0.4372463365277463,0,1507,WDR18
ENSG00000075407.21,0.4372189138464999,0,1508,ZNF37A
ENSG00000077080.12,0.4371522789351722,1,1509,ACTL6B
ENSG00000132394.13,0.437134197448304,1,1510,EEFSEC
ENSG00000129354.14,0.4369144744432238,0,1511,AP1M2
ENSG00000177938.6,0.4364720721093003,0,1512,CAPZA3
ENSG00000167323.15,0.4364670626928359,1,1513,STIM1
ENSG00000172732.14,0.4364514434132345,0,1514,MUS81
ENSG00000168081.11,0.4363361216981174,0,1515,PNOC
ENSG00000100994.14,0.436111757074475,0,1516,PYGB
ENSG00000198838.16,0.4360440554336104,1,1517,RYR3
ENSG00000186919.13,0.4359224083041833,0,1518,ZACN
ENSG00000151090.22,0.4356474384900591,1,1519,THRB
ENSG00000142273.15,0.4356415858707392,0,1520,CBLC
ENSG00000165684.8,0.4353754574300012,1,1521,SNAPC4
ENSG00000214814.8,0.4351285815192129,0,1522,FER1L6
ENSG00000161653.13,0.4349445257172779,1,1523,NAGS
ENSG00000122966.20,0.4349400493845352,1,1524,CIT
ENSG00000138190.18,0.4349344565089389,0,1525,EXOC6
ENSG00000206073.12,0.4346944245139412,0,1526,SERPINB4
ENSG00000171403.10,0.4345289391950496,1,1527,KRT9
ENSG00000230124.10,0.4344531087379313,1,1528,ACBD6
ENSG00000101298.17,0.4342259206829406,0,1529,SNPH
ENSG00000140694.20,0.4342129111553155,1,1530,PARN
ENSG00000171132.16,0.434151832935884,1,1531,PRKCE
ENSG00000178966.18,0.4338905636946131,0,1532,RMI1
ENSG00000173578.10,0.4338812287233648,0,1533,XCR1
ENSG00000073008.18,0.4338609841629888,0,1534,PVR
ENSG00000146859.8,0.4337181681333396,0,1535,TMEM140
ENSG00000143013.15,0.4336752347062828,0,1536,LMO4
ENSG00000132109.12,0.4336271928006874,0,1537,TRIM21
ENSG00000110011.16,0.4336042895645927,0,1538,DNAJC4
ENSG00000066926.15,0.4335073670855713,1,1539,FECH
ENSG00000103546.21,0.433495682835361,1,1540,SLC6A2
ENSG00000145012.17,0.4333769803873887,0,1541,LPP
ENSG00000154589.9,0.4332961541306572,0,1542,LY96
ENSG00000241563.5,0.4332744543979852,0,1543,CORT
ENSG00000126860.14,0.4331341159982783,0,1544,EVI2A
ENSG00000164283.14,0.4329988687251846,0,1545,ESM1
ENSG00000177732.9,0.4327935004517253,0,1546,SOX12
ENSG00000141574.10,0.4327367137198427,0,1547,SECTM1
ENSG00000092140.18,0.4327135309596966,0,1548,G2E3
ENSG00000184144.14,0.4325792127065084,1,1549,CNTN2
ENSG00000258839.5,0.4324803685726244,1,1550,MC1R
ENSG00000162695.15,0.4321185886589915,1,1551,SLC30A7
ENSG00000171115.6,0.4317942105967015,0,1552,GIMAP8
ENSG00000158022.7,0.4317024284733478,1,1553,TRIM63
ENSG00000136244.14,0.4316312811192819,0,1554,IL6
ENSG00000079385.25,0.43159689331614,0,1555,CEACAM1
ENSG00000162892.16,0.4315943800322491,0,1556,IL24
ENSG00000125648.17,0.4315634844562854,0,1557,SLC25A23
ENSG00000187783.13,0.4313655618322589,0,1558,TMEM72
ENSG00000119401.13,0.4311423025148651,0,1559,TRIM32
ENSG00000137507.13,0.4311324286401068,1,1560,LRRC32
ENSG00000083312.21,0.4310774879569378,0,1561,TNPO1
ENSG00000105618.16,0.4310424767255129,1,1562,PRPF31
ENSG00000100614.20,0.4310048216722715,0,1563,PPM1A
ENSG00000169682.19,0.4309319730704492,0,1564,SPNS1
ENSG00000156925.14,0.4304889649932624,1,1565,ZIC3
ENSG00000060491.19,0.4303096117126679,0,1566,OGFR
ENSG00000257923.14,0.4301190896207942,1,1567,CUX1
ENSG00000140459.20,0.4300976800117346,1,1568,CYP11A1
ENSG00000131711.16,0.4299772406250608,1,1569,MAP1B
ENSG00000135931.21,0.4298865026870531,1,1570,ARMC9
ENSG00000177238.16,0.4298537964798298,0,1571,TRIM72
ENSG00000139726.13,0.4296520709898361,0,1572,DENR
ENSG00000112499.14,0.4295641297746569,0,1573,SLC22A2
ENSG00000169857.11,0.4293640104483098,0,1574,AVEN
ENSG00000121064.15,0.4291372321819737,0,1575,SCPEP1
ENSG00000060688.15,0.4290450480360722,0,1576,SNRNP40
ENSG00000103932.14,0.4289973373927812,0,1577,RPAP1
ENSG00000155463.16,0.42888325305829,1,1578,OXA1L
ENSG00000063761.18,0.4288205619355663,0,1579,ADCK1
ENSG00000157350.15,0.4287799969859922,0,1580,ST3GAL2
ENSG00000114850.9,0.4285964844775827,0,1581,SSR3
ENSG00000120055.8,0.4284476595623953,0,1582,C10orf95
ENSG00000197451.14,0.4283246899381472,0,1583,HNRNPAB
ENSG00000134020.10,0.4283186269095738,0,1584,PEBP4
ENSG00000148300.14,0.4282895083799796,0,1585,REXO4
ENSG00000237172.6,0.4282805305446427,0,1586,B3GNT9
ENSG00000172000.8,0.4279537735637353,0,1587,ZNF556
ENSG00000135540.14,0.4279400427076444,0,1588,NHSL1
ENSG00000233932.8,0.4278168174910524,0,1589,CTXN2
ENSG00000132842.18,0.4277893325418035,1,1590,AP3B1
ENSG00000171450.6,0.427658066412533,0,1591,CDK5R2
ENSG00000134313.19,0.4275039122763083,1,1592,KIDINS220
ENSG00000136160.19,0.4274792709372437,1,1593,EDNRB
ENSG00000185721.16,0.4273623480367083,0,1594,DRG1
ENSG00000086730.19,0.4271942148457346,0,1595,LAT2
ENSG00000184984.11,0.4271651251425931,0,1596,CHRM5
ENSG00000164867.13,0.427047600811253,0,1597,NOS3
ENSG00000177034.19,0.4269918749218377,0,1598,MTX3
ENSG00000117139.20,0.4269347358269683,1,1599,KDM5B
ENSG00000014138.12,0.4268812147718801,1,1600,POLA2
ENSG00000124813.25,0.4267466225041855,1,1601,RUNX2
ENSG00000233041.10,0.426744415390685,0,1602,PHGR1
ENSG00000155329.14,0.4266111002685395,0,1603,ZCCHC10
ENSG00000137460.12,0.4263891915708033,0,1604,FHDC1
ENSG00000225190.14,0.4262049078681547,1,1605,PLEKHM1
ENSG00000183837.11,0.4260936004599756,0,1606,PNMA3
ENSG00000075391.20,0.4260627255487372,0,1607,RASAL2
ENSG00000054611.16,0.4259848812438244,0,1608,TBC1D22A
ENSG00000115685.17,0.425877853208567,0,1609,PPP1R7
ENSG00000077157.25,0.4256811023571756,0,1610,PPP1R12B
ENSG00000101412.15,0.4256622653912125,0,1611,E2F1
ENSG00000171119.5,0.4253338284995319,0,1612,NRTN
ENSG00000108370.19,0.4252875719516384,1,1613,RGS9
ENSG00000085662.16,0.425211362413161,0,1614,AKR1B1
ENSG00000177663.17,0.4251937520853535,1,1615,IL17RA
ENSG00000173852.18,0.4251896787670899,0,1616,DPY19L1
ENSG00000107447.9,0.4251616389006197,0,1617,DNTT
ENSG00000104691.18,0.4250860327001411,0,1618,UBXN8
ENSG00000104499.8,0.424915180673642,0,1619,GML
ENSG00000241685.12,0.4248024643932792,0,1620,ARPC1A
ENSG00000184860.12,0.4247036116882308,0,1621,SDR42E1
ENSG00000145736.17,0.4246990062752476,0,1622,GTF2H2
ENSG00000141433.15,0.4246569113132492,0,1623,ADCYAP1
ENSG00000134389.13,0.4245946373629103,1,1624,CFHR5
ENSG00000155465.23,0.4245474018987605,1,1625,SLC7A7
ENSG00000092108.24,0.4244983580373571,0,1626,SCFD1
ENSG00000082175.17,0.4244088229917532,0,1627,PGR
ENSG00000106615.12,0.4242041854681991,1,1628,RHEB
ENSG00000129437.13,0.4241003805369951,0,1629,KLK14
ENSG00000120457.14,0.4240842689324111,1,1630,KCNJ5
ENSG00000129566.15,0.4238577059584081,0,1631,TEP1
ENSG00000170989.12,0.4237541090239554,0,1632,S1PR1
ENSG00000125691.17,0.4236055898838769,0,1633,RPL23
ENSG00000142611.18,0.4235773886854353,1,1634,PRDM16
ENSG00000109321.13,0.4227983765149493,0,1635,AREG
ENSG00000092345.15,0.422723131733221,1,1636,DAZL
ENSG00000188306.7,0.4227040518163877,0,1637,LRRIQ4
ENSG00000121577.16,0.4224487191089576,0,1638,POPDC2
ENSG00000205208.7,0.422437639966224,0,1639,C4orf46
ENSG00000106261.19,0.4222353617290676,0,1640,ZKSCAN1
ENSG00000147650.13,0.4218818729975258,0,1641,LRP12
ENSG00000052126.19,0.4218799026982492,1,1642,PLEKHA5
ENSG00000142959.8,0.4218635238770045,0,1643,BEST4
ENSG00000145979.20,0.4218432206591107,1,1644,TBC1D7
ENSG00000164136.19,0.4218116206112317,0,1645,IL15
ENSG00000150630.5,0.4216809082284629,1,1646,VEGFC
ENSG00000128513.18,0.4216296249878524,1,1647,POT1
ENSG00000100749.11,0.4215997705239943,1,1648,VRK1
ENSG00000205403.17,0.4214292517737778,1,1649,CFI
ENSG00000135111.17,0.4214178158332928,1,1650,TBX3
ENSG00000188763.5,0.4214168798187422,0,1651,FZD9
ENSG00000111206.15,0.42118322501339,0,1652,FOXM1
ENSG00000174796.14,0.4211097747931498,0,1653,THAP6
ENSG00000177666.19,0.4210491407299114,1,1654,PNPLA2
ENSG00000160957.17,0.4210131041831786,1,1655,RECQL4
ENSG00000119953.16,0.4209081159857115,0,1656,SMNDC1
ENSG00000100288.22,0.4208129174641327,1,1657,CHKB
ENSG00000198160.16,0.4208038523666574,0,1658,MIER1
ENSG00000105221.20,0.4207239184281051,1,1659,AKT2
ENSG00000130176.10,0.4206915527462267,0,1660,CNN1
ENSG00000120526.14,0.4205319438898898,0,1661,NUDCD1
ENSG00000203943.10,0.4204879967392352,0,1662,SAMD13
ENSG00000135597.21,0.4204812977169292,1,1663,REPS1
ENSG00000205220.14,0.4204345729011496,1,1664,PSMB10
ENSG00000242866.11,0.4203169937910045,1,1665,STRC
ENSG00000143753.16,0.4203118458579998,1,1666,DEGS1
ENSG00000183840.8,0.4202175624213407,0,1667,GPR39
ENSG00000251192.10,0.420173933690199,0,1668,ZNF674
ENSG00000109471.5,0.4201480663618179,1,1669,IL2
ENSG00000170485.19,0.4201254914730747,0,1670,NPAS2
ENSG00000103253.21,0.420008588067797,0,1671,HAGHL
ENSG00000187955.15,0.4197693878466614,0,1672,COL14A1
ENSG00000116478.15,0.4196768428838983,0,1673,HDAC1
ENSG00000116191.21,0.419644999994129,0,1674,RALGPS2
ENSG00000118777.14,0.4193008195535958,0,1675,ABCG2
ENSG00000171604.14,0.419196520343473,0,1676,CXXC5
ENSG00000143248.15,0.4191585190225573,0,1677,RGS5
ENSG00000186918.16,0.4190694846321821,0,1678,ZNF395
ENSG00000164885.15,0.4186339417375846,1,1679,CDK5
ENSG00000163539.21,0.4185150342212383,0,1680,CLASP2
ENSG00000126562.19,0.4185116973970647,1,1681,WNK4
ENSG00000104894.14,0.4184716722938067,0,1682,CD37
ENSG00000022976.18,0.4184530980699026,0,1683,ZNF839
ENSG00000158792.18,0.4182022294692765,0,1684,SPATA2L
ENSG00000008311.18,0.4181866780941526,1,1685,AASS
ENSG00000167378.12,0.4180372194410623,0,1686,IRGQ
ENSG00000091844.10,0.4177523677798138,0,1687,RGS17
ENSG00000221946.10,0.4176904748633827,0,1688,FXYD7
ENSG00000175619.3,0.417361661364431,0,1689,OR4B1
ENSG00000176619.15,0.4173550646390769,1,1690,LMNB2
ENSG00000188095.6,0.4173441025764617,1,1691,MESP2
ENSG00000196470.14,0.417291374656322,1,1692,SIAH1
ENSG00000234511.13,0.4172055107847774,0,1693,C5orf58
ENSG00000134321.14,0.416878276110894,0,1694,RSAD2
ENSG00000092529.27,0.4167004582147027,1,1695,CAPN3
ENSG00000168246.8,0.4166539864257347,0,1696,UBTD2
ENSG00000136819.17,0.4166402049661075,0,1697,C9orf78
ENSG00000175054.18,0.4165101202546464,1,1698,ATR
ENSG00000204713.13,0.4162373319707333,0,1699,TRIM27
ENSG00000121957.17,0.4162111240722863,1,1700,GPSM2
ENSG00000068784.15,0.4162051313850846,0,1701,SRBD1
ENSG00000115421.15,0.4161696142513648,0,1702,PAPOLG
ENSG00000168904.17,0.4160602644035696,0,1703,LRRC28
ENSG00000166166.15,0.4159869196401636,0,1704,TRMT61A
ENSG00000152213.6,0.4158697340418337,0,1705,ARL11
ENSG00000132600.20,0.4157271521131065,1,1706,PRMT7
ENSG00000104267.12,0.4157019504057191,1,1707,CA2
ENSG00000136881.14,0.4156401829743099,1,1708,BAAT
ENSG00000149599.18,0.4155758799350659,0,1709,DUSP15
ENSG00000165376.14,0.4154907315315881,1,1710,CLDN2
ENSG00000137648.22,0.415367408793385,0,1711,TMPRSS4
ENSG00000229474.10,0.4152115821151602,1,1712,PATL2
ENSG00000196092.14,0.4151089539464737,1,1713,PAX5
ENSG00000076928.22,0.4149854558129313,0,1714,ARHGEF1
ENSG00000166260.15,0.4149686197135953,1,1715,COX11
ENSG00000182979.20,0.4149401870721507,0,1716,MTA1
ENSG00000171522.8,0.4149084197961272,0,1717,PTGER4
ENSG00000089041.19,0.4147731092010568,0,1718,P2RX7
ENSG00000152229.20,0.414630636865039,0,1719,PSTPIP2
ENSG00000134183.15,0.4146149077261077,1,1720,GNAT2
ENSG00000152784.18,0.4145773051197414,1,1721,PRDM8
ENSG00000198853.14,0.4143522433937428,1,1722,RUSC2
ENSG00000186666.7,0.4143102101424536,0,1723,BCDIN3D
ENSG00000174607.14,0.4141777613505082,0,1724,UGT8
ENSG00000145526.14,0.4141665148322274,0,1725,CDH18
ENSG00000184388.6,0.4140445437159356,0,1726,PABPC1L2B
ENSG00000104953.22,0.4139258020045936,1,1727,TLE6
ENSG00000125378.18,0.4139018067712849,1,1728,BMP4
ENSG00000168229.5,0.4138748012689755,0,1729,PTGDR
ENSG00000198960.13,0.4138542611242704,0,1730,ARMCX6
ENSG00000183715.16,0.4137802794729888,1,1731,OPCML
ENSG00000164120.15,0.4136453641948416,1,1732,HPGD
ENSG00000077264.19,0.4135453668602102,1,1733,PAK3
ENSG00000104129.12,0.4134879992705538,0,1734,DNAJC17
ENSG00000136014.14,0.4133278125315871,0,1735,USP44
ENSG00000117408.13,0.4132550279250988,0,1736,IPO13
ENSG00000106565.21,0.4132445182911439,0,1737,TMEM176B
ENSG00000150636.19,0.4131702077160149,0,1738,CCDC102B
ENSG00000110711.13,0.4130177847871577,1,1739,AIP
ENSG00000113758.16,0.413005592165685,0,1740,DBN1
ENSG00000102195.10,0.4127751339105801,0,1741,GPR50
ENSG00000132612.19,0.4127130417853814,1,1742,VPS4A
ENSG00000095261.16,0.4126738671332608,0,1743,PSMD5
ENSG00000243943.12,0.4126216061762945,0,1744,ZNF512
ENSG00000142856.20,0.4125919100083437,0,1745,ITGB3BP
ENSG00000138675.18,0.4125446797587508,1,1746,FGF5
ENSG00000072736.20,0.4125294078576345,0,1747,NFATC3
ENSG00000127152.18,0.4123776860690607,1,1748,BCL11B
ENSG00000007038.13,0.4122106657743989,0,1749,PRSS21
ENSG00000156313.16,0.4121810955101876,1,1750,RPGR
ENSG00000103494.18,0.4120223811149393,1,1751,RPGRIP1L
ENSG00000113712.20,0.4120022100832693,0,1752,CSNK1A1
ENSG00000120519.18,0.4119706632675703,1,1753,SLC10A7
ENSG00000104327.9,0.4118498342165561,0,1754,CALB1
ENSG00000181788.6,0.4117046366678989,0,1755,SIAH2
ENSG00000136280.19,0.4115426711873,1,1756,CCM2
ENSG00000176058.15,0.4113976901989409,1,1757,TPRN
ENSG00000014164.9,0.4113801079183274,0,1758,ZC3H3
ENSG00000175110.16,0.4113610129746028,1,1759,MRPS22
ENSG00000185015.9,0.41133660157514,0,1760,CA13
ENSG00000170396.9,0.411274236609038,0,1761,ZNF804A
ENSG00000198242.16,0.4112735464485978,0,1762,RPL23A
ENSG00000148218.18,0.4112236039672956,1,1763,ALAD
ENSG00000134283.20,0.4112211916803411,0,1764,PPHLN1
ENSG00000062096.17,0.4110385184581067,0,1765,ARSF
ENSG00000072062.18,0.4110304416823883,1,1766,PRKACA
ENSG00000176406.26,0.4109992613885179,1,1767,RIMS2
ENSG00000070669.19,0.4109938468670908,1,1768,ASNS
ENSG00000104147.11,0.4109911467416069,0,1769,OIP5
ENSG00000198951.14,0.4106074731248217,1,1770,NAGA
ENSG00000086589.14,0.4105690304539591,0,1771,RBM22
ENSG00000123066.10,0.4104399651249921,1,1772,MED13L
ENSG00000272031.4,0.4103141263139204,0,1773,ANKRD34A
ENSG00000188818.14,0.4102683598470083,0,1774,ZDHHC11
ENSG00000255561.9,0.410145921714453,0,1775,FDXACB1
ENSG00000163013.13,0.4100912404858909,0,1776,FBXO41
ENSG00000142686.9,0.4100847345342717,0,1777,C1orf216
ENSG00000166165.16,0.4100481233203488,0,1778,CKB
ENSG00000170515.16,0.4099490155023411,0,1779,PA2G4
ENSG00000174197.21,0.4099321878073909,1,1780,MGA
ENSG00000131067.19,0.4098260303488881,0,1781,GGT7
ENSG00000172716.19,0.4097934431891183,0,1782,SLFN11
ENSG00000181467.5,0.4097246887287269,0,1783,RAP2B
ENSG00000009790.17,0.4096282614378969,0,1784,TRAF3IP3
ENSG00000137699.18,0.4096015982464888,0,1785,TRIM29
ENSG00000136840.21,0.4095565374828496,0,1786,ST6GALNAC4
ENSG00000187742.17,0.4095265786323647,1,1787,SECISBP2
ENSG00000112062.15,0.4094792311118545,0,1788,MAPK14
ENSG00000172780.19,0.4093714282688189,0,1789,RAB43
ENSG00000144115.20,0.4092620578430031,0,1790,THNSL2
ENSG00000204084.16,0.4091082290916528,0,1791,INPP5B
ENSG00000100395.17,0.4089645949443265,1,1792,L3MBTL2
ENSG00000160094.17,0.4089301852497765,0,1793,ZNF362
ENSG00000049541.13,0.4089100366739582,0,1794,RFC2
ENSG00000184956.16,0.4088048229779439,0,1795,MUC6
ENSG00000115194.13,0.4085808057408353,0,1796,SLC30A3
ENSG00000144959.13,0.4085466864425431,0,1797,NCEH1
ENSG00000112992.20,0.4085426959332192,1,1798,NNT
ENSG00000170100.16,0.4084819814626435,0,1799,ZNF778
ENSG00000088826.20,0.4081722826882448,0,1800,SMOX
ENSG00000168785.10,0.4081607444214732,0,1801,TSPAN5
ENSG00000113649.16,0.4080343463652112,1,1802,TCERG1
ENSG00000011258.18,0.4079475925970825,0,1803,MBTD1
ENSG00000174306.24,0.4078770599068628,0,1804,ZHX3
ENSG00000239732.5,0.4078323476150378,0,1805,TLR9
ENSG00000100697.19,0.4078194819094962,1,1806,DICER1
ENSG00000171723.18,0.407766324399412,1,1807,GPHN
ENSG00000159640.19,0.4077642421449932,1,1808,ACE
ENSG00000127419.19,0.4076177248931786,0,1809,TMEM175
ENSG00000085274.18,0.407530500182014,0,1810,MYNN
ENSG00000135002.13,0.407496923327201,0,1811,RFK
ENSG00000092758.20,0.407427646126312,1,1812,COL9A3
ENSG00000168546.13,0.4072718313268892,0,1813,GFRA2
ENSG00000143515.22,0.4072577077357242,0,1814,ATP8B2
ENSG00000214140.12,0.4072262353349871,1,1815,PRCD
ENSG00000138083.6,0.4072142276290021,1,1816,SIX3
ENSG00000095319.16,0.4070661200316534,1,1817,NUP188
ENSG00000127564.19,0.4068338952490474,0,1818,PKMYT1
ENSG00000163632.15,0.4068069432290124,0,1819,C3orf49
ENSG00000204439.4,0.4066597786790429,0,1820,C6orf47
ENSG00000183049.15,0.4065994118098838,0,1821,CAMK1D
ENSG00000115970.21,0.4064495344048356,0,1822,THADA
ENSG00000105220.18,0.4062569729610744,1,1823,GPI
ENSG00000108854.18,0.4057431669174902,0,1824,SMURF2
ENSG00000175344.21,0.4057242203107119,0,1825,CHRNA7
ENSG00000101842.15,0.4056956151223982,0,1826,VSIG1
ENSG00000004776.15,0.4056568259940287,0,1827,HSPB6
ENSG00000012963.17,0.405650373922505,1,1828,UBR7
ENSG00000145088.11,0.4056045690297438,0,1829,EAF2
ENSG00000169951.12,0.4055138593906386,0,1830,ZNF764
ENSG00000101846.11,0.4054691130380159,1,1831,STS
ENSG00000156873.18,0.4050446390356912,1,1832,PHKG2
ENSG00000141258.15,0.4050369443801029,0,1833,SGSM2
ENSG00000105438.11,0.4050127239389962,0,1834,KDELR1
ENSG00000197472.16,0.4049374724030761,0,1835,ZNF695
ENSG00000204590.15,0.4049363608553019,0,1836,GNL1
ENSG00000215845.13,0.404656934357847,0,1837,TSTD1
ENSG00000132329.13,0.404627322268807,0,1838,RAMP1
ENSG00000164164.19,0.404604400388576,0,1839,OTUD4
ENSG00000070731.13,0.4045852891196835,0,1840,ST6GALNAC2
ENSG00000101000.8,0.4044580763459556,0,1841,PROCR
ENSG00000143179.18,0.404402601492485,0,1842,UCK2
ENSG00000163501.8,0.4043422737383325,1,1843,IHH
ENSG00000170390.18,0.4043084485459853,0,1844,DCLK2
ENSG00000114487.10,0.4040624626248749,0,1845,MORC1
ENSG00000067208.19,0.4038289227544347,0,1846,EVI5
ENSG00000182973.22,0.4037001593521958,0,1847,CNOT10
ENSG00000173406.18,0.4035975525060846,0,1848,DAB1
ENSG00000137491.17,0.4035674430314899,0,1849,SLCO2B1
ENSG00000162944.13,0.4035512046583065,0,1850,RFTN2
ENSG00000110243.14,0.4034155520122888,1,1851,APOA5
ENSG00000116852.16,0.4033932279435022,0,1852,KIF21B
ENSG00000118707.13,0.4031372277479723,0,1853,TGIF2
ENSG00000169490.19,0.403066812136772,0,1854,TM2D2
ENSG00000100711.16,0.4029882600644028,0,1855,ZFYVE21
ENSG00000166573.7,0.4027462513345056,0,1856,GALR1
ENSG00000198873.14,0.4026538806206088,0,1857,GRK5
ENSG00000188848.18,0.4025716504041634,0,1858,BEND4
ENSG00000133627.20,0.4025218263061044,0,1859,ACTR3B
ENSG00000151834.18,0.4024980452435753,1,1860,GABRA2
ENSG00000005700.17,0.402496348616076,0,1861,IBTK
ENSG00000164946.22,0.4023086300009943,1,1862,FREM1
ENSG00000186111.13,0.4021969975691951,1,1863,PIP5K1C
ENSG00000111181.15,0.4017103130398052,0,1864,SLC6A12
ENSG00000167850.6,0.4016465700239446,0,1865,CD300C
ENSG00000197299.15,0.4016198636589856,1,1866,BLM
ENSG00000019549.14,0.401595640020034,0,1867,SNAI2
ENSG00000173153.19,0.4015653602892368,0,1868,ESRRA
ENSG00000112787.16,0.4014216799146041,0,1869,FBRSL1
ENSG00000113790.13,0.401326612395918,0,1870,EHHADH
ENSG00000171033.15,0.4012924915037845,0,1871,PKIA
ENSG00000101311.19,0.4012508238258024,1,1872,FERMT1
ENSG00000181234.11,0.4012115288169592,0,1873,TMEM132C
ENSG00000163817.19,0.4012056819701871,0,1874,SLC6A20
ENSG00000112182.18,0.4011292605214422,1,1875,BACH2
ENSG00000144535.22,0.4008616920241535,1,1876,DIS3L2
ENSG00000106799.17,0.400780448056893,1,1877,TGFBR1
ENSG00000153208.21,0.4007245315454217,1,1878,MERTK
ENSG00000204220.14,0.4006525210370781,0,1879,PFDN6
ENSG00000167799.12,0.4006240741339648,0,1880,NUDT8
ENSG00000168061.18,0.4005824669020255,0,1881,SAC3D1
ENSG00000124216.5,0.400576721034861,0,1882,SNAI1
ENSG00000149243.18,0.4003553609387402,0,1883,KLHL35
ENSG00000187715.15,0.400246783567251,0,1884,KBTBD12
ENSG00000241360.3,0.4001865128174044,0,1885,PDXP
ENSG00000204961.8,0.4000510933184253,0,1886,PCDHA9
ENSG00000186020.15,0.4000402573073805,0,1887,ZNF529
ENSG00000165175.19,0.399784983440318,0,1888,MID1IP1
ENSG00000061656.13,0.3997626878279399,0,1889,SPAG4
ENSG00000135045.8,0.3997049368185489,0,1890,C9orf40
ENSG00000117174.13,0.399668338430136,0,1891,ZNHIT6
ENSG00000197891.13,0.3995042056395759,1,1892,SLC22A12
ENSG00000143067.6,0.3994873042509327,0,1893,ZNF697
ENSG00000082684.18,0.3992151632657678,0,1894,SEMA5B
ENSG00000105258.10,0.3991701417903168,0,1895,POLR2I
ENSG00000157379.16,0.3990739031499026,0,1896,DHRS1
ENSG00000181915.6,0.3990425135290166,0,1897,ADO
ENSG00000173442.15,0.3990030508617581,0,1898,EHBP1L1
ENSG00000102837.8,0.3989672108740641,0,1899,OLFM4
ENSG00000143727.18,0.3988644795956846,0,1900,ACP1
ENSG00000113068.12,0.3987640081615244,0,1901,PFDN1
ENSG00000099822.3,0.3987063189174556,1,1902,HCN2
ENSG00000175164.16,0.3984823698878959,0,1903,ABO
ENSG00000183807.10,0.3982645153507263,0,1904,FAM162B
ENSG00000080573.8,0.398225380723635,0,1905,COL5A3
ENSG00000133731.12,0.3982245417459875,1,1906,IMPA1
ENSG00000166159.12,0.3981871099740676,0,1907,LRTM2
ENSG00000198835.6,0.398118588876486,1,1908,GJC2
ENSG00000113368.14,0.3979284577021513,1,1909,LMNB1
ENSG00000183579.18,0.3978690927120165,1,1910,ZNRF3
ENSG00000116497.20,0.3978128332728086,0,1911,S100PBP
ENSG00000128965.14,0.3977840067174574,0,1912,CHAC1
ENSG00000205155.10,0.3973939023504163,1,1913,PSENEN
ENSG00000072401.17,0.3971225351528775,0,1914,UBE2D1
ENSG00000175161.15,0.3970308979054209,0,1915,CADM2
ENSG00000165269.15,0.3969600444123005,0,1916,AQP7
ENSG00000178821.15,0.3968502885257997,0,1917,TMEM52
ENSG00000196071.6,0.3966363027847473,0,1918,OR2L13
ENSG00000171100.18,0.3965587853647194,1,1919,MTM1
ENSG00000185219.20,0.3965548416094239,0,1920,ZNF445
ENSG00000142552.10,0.3965459114691784,0,1921,RCN3
ENSG00000173253.18,0.396358434109594,1,1922,DMRT2
ENSG00000163380.18,0.3962946551389836,1,1923,LMOD3
ENSG00000183891.8,0.3960843443080625,0,1924,TTC32
ENSG00000157322.20,0.3960229080447489,0,1925,CLEC18A
ENSG00000240563.5,0.3960004824008276,0,1926,L1TD1
ENSG00000172031.9,0.3959694619404339,0,1927,EPHX4
ENSG00000149929.18,0.3959476442362086,0,1928,HIRIP3
ENSG00000135404.14,0.3958986092353854,1,1929,CD63
ENSG00000187010.22,0.3958467828335617,1,1930,RHD
ENSG00000105875.17,0.3957429528941234,1,1931,WDR91
ENSG00000103313.16,0.3957105463403654,1,1932,MEFV
ENSG00000024526.19,0.3956501924456913,0,1933,DEPDC1
ENSG00000020577.16,0.3955800213864545,0,1934,SAMD4A
ENSG00000123576.5,0.3954162821478672,0,1935,ESX1
ENSG00000137124.10,0.3954148336579042,0,1936,ALDH1B1
ENSG00000161281.12,0.3953938950556541,0,1937,COX7A1
ENSG00000163155.12,0.3952586612877697,0,1938,LYSMD1
ENSG00000110484.7,0.3952027710879163,0,1939,SCGB2A2
ENSG00000163960.15,0.3951902343164419,0,1940,UBXN7
ENSG00000108700.5,0.3949200712524363,0,1941,CCL8
ENSG00000147687.21,0.3948257899135953,0,1942,TATDN1
ENSG00000158553.5,0.3947477283836582,0,1943,POM121L2
ENSG00000166323.15,0.3947407011956056,0,1944,C11orf65
ENSG00000002587.12,0.3947115069971716,0,1945,HS3ST1
ENSG00000143028.11,0.3946816332378184,0,1946,SYPL2
ENSG00000205502.6,0.3946320191254237,0,1947,C2CD4B
ENSG00000078967.15,0.3945257585889801,0,1948,UBE2D4
ENSG00000142039.6,0.3945091396496582,0,1949,CCDC97
ENSG00000135870.15,0.3943866527586395,1,1950,RC3H1
ENSG00000064995.21,0.3940302009108179,0,1951,TAF11
ENSG00000159337.8,0.3935939874095477,0,1952,PLA2G4D
ENSG00000074276.13,0.3934816227028597,0,1953,CDHR2
ENSG00000106258.18,0.3933609753608881,0,1954,CYP3A5
ENSG00000104901.8,0.3930474987714284,0,1955,DKKL1
ENSG00000145779.9,0.3930447490489736,0,1956,TNFAIP8
ENSG00000103449.15,0.393024260118711,1,1957,SALL1
ENSG00000206150.4,0.3930093719016909,0,1958,RNASE13
ENSG00000106077.21,0.3928476631002484,0,1959,ABHD11
ENSG00000166313.22,0.3926694653446402,1,1960,APBB1
ENSG00000163918.14,0.3921576067360345,1,1961,RFC4
ENSG00000151322.21,0.3920873743405792,0,1962,NPAS3
ENSG00000168748.15,0.3920078029953273,0,1963,CA7
ENSG00000169618.8,0.3919320874084085,0,1964,PROKR1
ENSG00000154309.11,0.3915476347485342,1,1965,DISP1
ENSG00000228716.9,0.3907124066368648,1,1966,DHFR
ENSG00000054803.5,0.3906836445357133,0,1967,CBLN4
ENSG00000100228.16,0.3905430199962307,0,1968,RAB36
ENSG00000073734.12,0.3904354942229995,1,1969,ABCB11
ENSG00000166171.15,0.3903813325065555,0,1970,DPCD
ENSG00000188735.14,0.3903289823357782,0,1971,TMEM120B
ENSG00000146360.10,0.3901089428434412,0,1972,GPR6
ENSG00000156603.22,0.3901029970788647,0,1973,MED19
ENSG00000177370.7,0.3900756138921986,1,1974,TIMM22
ENSG00000134709.15,0.3899653814801104,0,1975,HOOK1
ENSG00000106683.17,0.3899466656594114,1,1976,LIMK1
ENSG00000087152.18,0.3897423744484683,0,1977,ATXN7L3
ENSG00000115884.13,0.3896056327741053,0,1978,SDC1
ENSG00000144746.9,0.3895933318078837,0,1979,ARL6IP5
ENSG00000172318.8,0.3893427147179096,1,1980,B3GALT1
ENSG00000159082.20,0.3893356973856804,1,1981,SYNJ1
ENSG00000101162.5,0.3893116244346109,1,1982,TUBB1
ENSG00000233670.9,0.3892364750015176,0,1983,PIRT
ENSG00000169427.9,0.3892297908482134,1,1984,KCNK9
ENSG00000188385.14,0.3891126615865228,0,1985,JAKMIP3
ENSG00000185527.13,0.3889476393782577,1,1986,PDE6G
ENSG00000124279.14,0.3889009373370857,0,1987,FASTKD3
ENSG00000171772.19,0.3888977255747997,1,1988,SYCE1
ENSG00000175471.20,0.3887824921265873,0,1989,MCTP1
ENSG00000138182.17,0.3887066503828005,0,1990,KIF20B
ENSG00000108798.11,0.388688683565275,0,1991,ABI3
ENSG00000125733.20,0.3885705673339013,0,1992,TRIP10
ENSG00000185220.14,0.3885395156537248,0,1993,PGBD2
ENSG00000255501.3,0.3884570147893422,0,1994,CARD18
ENSG00000123453.21,0.3884183434482081,1,1995,SARDH
ENSG00000170927.16,0.3884026613167806,1,1996,PKHD1
ENSG00000136573.17,0.38822365843938,1,1997,BLK
ENSG00000120727.15,0.3881967916965798,0,1998,PAIP2
ENSG00000204099.14,0.387958753727563,0,1999,NEU4
ENSG00000185798.10,0.3876936612770998,0,2000,WDR53
ENSG00000171724.4,0.3874775789809956,0,2001,VAT1L
ENSG00000242259.11,0.3874488626283766,0,2002,C22orf39
ENSG00000180332.7,0.3874261177816944,0,2003,KCTD4
ENSG00000104356.13,0.3873603296059877,1,2004,POP1
ENSG00000144362.14,0.3871779698947495,0,2005,PHOSPHO2
ENSG00000104907.15,0.3871700751561286,1,2006,TRMT1
ENSG00000168566.15,0.3870663514100375,0,2007,SNRNP48
ENSG00000129255.18,0.3870261121760292,1,2008,MPDU1
ENSG00000133111.5,0.3869527584255217,1,2009,RFXAP
ENSG00000064933.21,0.3869186425948245,1,2010,PMS1
ENSG00000137747.18,0.3869107445441324,0,2011,TMPRSS13
ENSG00000110917.11,0.3866038913286621,0,2012,MLEC
ENSG00000072864.18,0.386336138669412,1,2013,NDE1
ENSG00000120910.17,0.38627854762198,0,2014,PPP3CC
ENSG00000070785.19,0.3862554612784223,1,2015,EIF2B3
ENSG00000149761.11,0.3862453702488925,0,2016,NUDT22
ENSG00000116690.15,0.3862394235246669,1,2017,PRG4
ENSG00000198585.13,0.3860958243207382,0,2018,NUDT16
ENSG00000164919.13,0.3857578623070761,0,2019,COX6C
ENSG00000134443.11,0.3857220482752799,0,2020,GRP
ENSG00000071994.12,0.3857171941438405,0,2021,PDCD2
ENSG00000136271.13,0.3857104826765113,0,2022,DDX56
ENSG00000121851.15,0.3855053533142149,1,2023,POLR3GL
ENSG00000184005.13,0.3854850151787616,0,2024,ST6GALNAC3
ENSG00000173868.13,0.3850981683039332,0,2025,PHOSPHO1
ENSG00000140557.14,0.3850652223140253,0,2026,ST8SIA2
ENSG00000164187.9,0.3850036134467919,1,2027,LMBRD2
ENSG00000154080.16,0.3849791933240111,0,2028,CHST9
ENSG00000184925.14,0.3847231678730352,0,2029,LCN12
ENSG00000170498.12,0.3846827698789793,1,2030,KISS1
ENSG00000164188.11,0.3845478319000823,0,2031,RANBP3L
ENSG00000134222.18,0.384465751025528,0,2032,PSRC1
ENSG00000183150.10,0.384264327718452,0,2033,GPR19
ENSG00000189127.10,0.384204761928226,0,2034,ANKRD34B
ENSG00000157315.7,0.3840338578625963,0,2035,TMED6
ENSG00000186818.15,0.3838776077620713,0,2036,LILRB4
ENSG00000109072.16,0.383638233052825,0,2037,VTN
ENSG00000164300.20,0.3836291072682912,0,2038,SERINC5
ENSG00000188234.17,0.3835876666879853,0,2039,AGAP4
ENSG00000066027.14,0.3834651570606997,0,2040,PPP2R5A
ENSG00000205937.13,0.3834322564433343,0,2041,RNPS1
ENSG00000095464.11,0.3834307362967669,1,2042,PDE6C
ENSG00000188566.17,0.383367487622533,0,2043,NDOR1
ENSG00000171657.8,0.3831195001517855,0,2044,GPR82
ENSG00000164347.20,0.3831158200582845,1,2045,GFM2
ENSG00000078814.21,0.3830955443224586,1,2046,MYH7B
ENSG00000162641.20,0.3830274528460939,0,2047,AKNAD1
ENSG00000213402.3,0.3826728911767151,0,2048,PTPRCAP
ENSG00000184478.8,0.3825967029793627,0,2049,OR56A3
ENSG00000138750.18,0.3824519064474369,1,2050,NUP54
ENSG00000180251.6,0.3824451376161964,0,2051,SLC9A4
ENSG00000115652.17,0.3823340257263341,0,2052,UXS1
ENSG00000089022.16,0.3822714215314262,1,2053,MAPKAPK5
ENSG00000162493.19,0.3819476118319021,0,2054,PDPN
ENSG00000148798.13,0.3817840673795378,0,2055,INA
ENSG00000170484.11,0.381744504943966,1,2056,KRT74
ENSG00000183628.16,0.3817026165620815,0,2057,DGCR6
ENSG00000167614.16,0.3816095334502036,0,2058,TTYH1
ENSG00000140386.15,0.3814908654337203,1,2059,SCAPER
ENSG00000008256.19,0.3814622212250607,0,2060,CYTH3
ENSG00000159958.8,0.381281361801933,1,2061,TNFRSF13C
ENSG00000158186.15,0.3809496456458972,0,2062,MRAS
ENSG00000128266.11,0.3808809349949263,0,2063,GNAZ
ENSG00000152402.12,0.3803484574805211,0,2064,GUCY1A2
ENSG00000130717.15,0.3803431898810412,0,2065,UCK1
ENSG00000064490.16,0.3802493369698176,1,2066,RFXANK
ENSG00000117697.17,0.3802153790670732,0,2067,NSL1
ENSG00000182795.15,0.3802030783975568,0,2068,C1orf116
ENSG00000244687.15,0.3799116046283662,0,2069,UBE2V1
ENSG00000018280.20,0.3798749194886203,0,2070,SLC11A1
ENSG00000150048.12,0.379729560177253,0,2071,CLEC1A
ENSG00000185862.9,0.3797153778331244,0,2072,EVI2B
ENSG00000213903.11,0.3796462545753105,0,2073,LTB4R
ENSG00000198089.18,0.3795520305344671,0,2074,SFI1
ENSG00000196247.15,0.3794878792822084,0,2075,ZNF107
ENSG00000152061.25,0.3793198883816048,0,2076,RABGAP1L
ENSG00000215595.3,0.3791048070113063,0,2077,C20orf202
ENSG00000136936.13,0.3790762838228489,1,2078,XPA
ENSG00000156103.17,0.378923256968902,0,2079,MMP16
ENSG00000166428.16,0.378881786802857,0,2080,PLD4
ENSG00000134852.17,0.3788548889692595,0,2081,CLOCK
ENSG00000157741.17,0.3787832351676329,0,2082,UBN2
ENSG00000106852.17,0.3786785409870592,0,2083,LHX6
ENSG00000179071.5,0.378628440781639,0,2084,CCDC89
ENSG00000102312.26,0.3783442067257276,1,2085,PORCN
ENSG00000276043.7,0.3782535587471903,0,2086,UHRF1
ENSG00000213413.4,0.3781477364168752,0,2087,PVRIG
ENSG00000228278.7,0.3781319476721475,0,2088,ORM2
ENSG00000152056.20,0.3780977909427707,0,2089,AP1S3
ENSG00000185105.6,0.3780727455439703,0,2090,MYADML2
ENSG00000187258.14,0.3779522652843521,0,2091,NPSR1
ENSG00000204542.4,0.3776319198373425,0,2092,C6orf15
ENSG00000117226.15,0.3776289411417242,0,2093,GBP3
ENSG00000185651.18,0.3775484296016291,0,2094,UBE2L3
ENSG00000131323.19,0.3775208289281945,1,2095,TRAF3
ENSG00000100991.14,0.3774704501776869,0,2096,TRPC4AP
ENSG00000170262.15,0.3774175247935834,1,2097,MRAP
ENSG00000152465.20,0.3774102812560785,0,2098,NMT2
ENSG00000155729.15,0.3770117662110702,0,2099,KCTD18
ENSG00000141252.22,0.3768275679416875,1,2100,VPS53
ENSG00000143622.14,0.3767811047897441,1,2101,RIT1
ENSG00000112559.17,0.3767611225005366,0,2102,MDFI
ENSG00000198765.13,0.3766690725881675,0,2103,SYCP1
ENSG00000148143.15,0.3766039629417056,1,2104,ZNF462
ENSG00000095970.19,0.3765995159282218,1,2105,TREM2
ENSG00000160185.16,0.3765965696874596,0,2106,UBASH3A
ENSG00000109046.17,0.3765462853678633,0,2107,WSB1
ENSG00000197562.12,0.3763956239712287,0,2108,RAB40C
ENSG00000164756.13,0.3763521157280698,0,2109,SLC30A8
ENSG00000034971.19,0.376255286930013,1,2110,MYOC
ENSG00000163964.19,0.3762032661659164,0,2111,PIGX
ENSG00000184545.13,0.3761103748725274,0,2112,DUSP8
ENSG00000164509.17,0.3760831376471343,1,2113,IL31RA
ENSG00000131791.10,0.3758771037270134,0,2114,PRKAB2
ENSG00000007372.26,0.3757901374356733,1,2115,PAX6
ENSG00000205362.13,0.3756699131040457,0,2116,MT1A
ENSG00000095951.20,0.3755190963184955,0,2117,HIVEP1
ENSG00000186150.5,0.3754918018967597,0,2118,UBL4B
ENSG00000146411.8,0.3754790266965875,0,2119,SLC2A12
ENSG00000158639.14,0.3753170923437359,0,2120,PAGE5
ENSG00000076641.6,0.3753051903820641,0,2121,PAG1
ENSG00000149084.15,0.3752462061010166,0,2122,HSD17B12
ENSG00000158161.18,0.3751826010991084,0,2123,EYA3
ENSG00000123892.14,0.3748474927319207,0,2124,RAB38
ENSG00000070808.19,0.3747525225384223,1,2125,CAMK2A
ENSG00000152484.16,0.3746957678956617,0,2126,USP12
ENSG00000092054.16,0.3745955657941203,1,2127,MYH7
ENSG00000197006.17,0.3742253184909103,0,2128,METTL9
ENSG00000154438.8,0.3740979009394056,0,2129,ASZ1
ENSG00000180979.12,0.3740754548829074,0,2130,LRRC57
ENSG00000204347.5,0.3737266421127062,0,2131,BTBD17
ENSG00000183960.11,0.3732283838011161,0,2132,KCNH8
ENSG00000088002.13,0.3732064701975279,1,2133,SULT2B1
ENSG00000176842.18,0.3731858116899462,1,2134,IRX5
ENSG00000158615.10,0.372932172840657,0,2135,PPP1R15B
ENSG00000110330.12,0.3728802449038991,0,2136,BIRC2
ENSG00000048140.20,0.3728251289452387,0,2137,TSPAN17
ENSG00000204616.13,0.3726818723221481,0,2138,TRIM31
ENSG00000254505.13,0.3725624461969097,0,2139,CHMP4A
ENSG00000114268.14,0.3724859549946543,0,2140,PFKFB4
ENSG00000179111.10,0.3724855693355424,1,2141,HES7
ENSG00000116985.13,0.3723929416773326,0,2142,BMP8B
ENSG00000130856.19,0.3722990048468103,0,2143,ZNF236
ENSG00000129993.16,0.3722375951211576,0,2144,CBFA2T3
ENSG00000166558.13,0.372154822777269,1,2145,SLC38A8
ENSG00000166788.12,0.3720687786571552,0,2146,SAAL1
ENSG00000170516.18,0.3719097239943014,0,2147,COX7B2
ENSG00000204569.12,0.3716939779180127,0,2148,PPP1R10
ENSG00000172733.13,0.3716346127155048,0,2149,PURG
ENSG00000203772.9,0.3715827922123981,0,2150,SPRN
ENSG00000131941.9,0.3715697806954999,0,2151,RHPN2
ENSG00000166801.19,0.3714388466870106,1,2152,FAM111A
ENSG00000158055.18,0.3712069157143454,1,2153,GRHL3
ENSG00000141540.13,0.3710689041535408,0,2154,TTYH2
ENSG00000168065.17,0.3706596674916991,0,2155,SLC22A11
ENSG00000198742.12,0.3706068062967099,0,2156,SMURF1
ENSG00000170310.17,0.3703514815626779,0,2157,STX8
ENSG00000155016.20,0.3703506251647692,1,2158,CYP2U1
ENSG00000119403.17,0.3703400449007603,0,2159,PHF19
ENSG00000173011.13,0.3702661007839792,0,2160,TADA2B
ENSG00000143321.19,0.3701932297914303,0,2161,HDGF
ENSG00000184908.22,0.3701081119404599,1,2162,CLCNKB
ENSG00000013392.10,0.3700340233291044,0,2163,RWDD2A
ENSG00000012822.18,0.3698650886837375,0,2164,CALCOCO1
ENSG00000089157.18,0.3696419250812271,0,2165,RPLP0
ENSG00000106992.21,0.3695716898226073,1,2166,AK1
ENSG00000102897.12,0.3695102222138861,0,2167,LYRM1
ENSG00000132470.16,0.3693842796086359,1,2168,ITGB4
ENSG00000007264.17,0.3691323996461452,0,2169,MATK
ENSG00000123407.4,0.3690570345016231,0,2170,HOXC12
ENSG00000142765.20,0.3689908904669548,0,2171,SYTL1
ENSG00000163877.12,0.3689430335302883,0,2172,SNIP1
ENSG00000011132.14,0.3688602268882985,0,2173,APBA3
ENSG00000111837.12,0.3686420818967266,1,2174,MAK
ENSG00000205076.6,0.3684902509735221,0,2175,LGALS7
ENSG00000161647.21,0.3684855262431894,0,2176,MPP3
ENSG00000172548.16,0.368422906609721,1,2177,NIPAL4
ENSG00000139168.11,0.368389326186799,0,2178,ZCRB1
ENSG00000103343.15,0.3683652340052791,0,2179,ZNF174
ENSG00000183785.18,0.368078337619311,1,2180,TUBA8
ENSG00000125818.20,0.3674273971657952,0,2181,PSMF1
ENSG00000166415.17,0.3673171305618476,1,2182,WDR72
ENSG00000139800.9,0.3673127358713918,0,2183,ZIC5
ENSG00000163684.13,0.3672197112085553,0,2184,RPP14
ENSG00000104218.18,0.3671925714965523,1,2185,CSPP1
ENSG00000105639.22,0.3671833694838904,1,2186,JAK3
ENSG00000177294.8,0.3671480209616242,0,2187,FBXO39
ENSG00000131503.23,0.3670674683484038,0,2188,ANKHD1
ENSG00000131737.7,0.3667649999286527,0,2189,KRT34
ENSG00000249715.13,0.3665813784598923,0,2190,FER1L5
ENSG00000182511.14,0.3664043988575511,0,2191,FES
ENSG00000128694.14,0.3662256502134255,0,2192,OSGEPL1
ENSG00000115602.19,0.3660641870419834,0,2193,IL1RL1
ENSG00000148291.12,0.3659202735633495,0,2194,SURF2
ENSG00000065665.23,0.3658856246263043,0,2195,SEC61A2
ENSG00000176971.4,0.3657811113272524,0,2196,FIBIN
ENSG00000169154.8,0.3657101697887678,0,2197,GOT1L1
ENSG00000110013.15,0.3656927354514336,0,2198,SIAE
ENSG00000188730.7,0.3656395698960926,0,2199,VWC2
ENSG00000120314.20,0.3656284268322984,0,2200,WDR55
ENSG00000171428.17,0.3655601742756715,0,2201,NAT1
ENSG00000150625.19,0.3654875258655816,0,2202,GPM6A
ENSG00000125386.18,0.3654442225071411,0,2203,FAM193A
ENSG00000134899.26,0.3653624300199959,1,2204,ERCC5
ENSG00000179387.12,0.3653461727902666,0,2205,ELMOD2
ENSG00000140451.15,0.364932406408013,0,2206,PIF1
ENSG00000175984.18,0.3649055339572801,0,2207,DENND2C
ENSG00000237136.9,0.3648369089819714,0,2208,C4orf51
ENSG00000110079.21,0.3647010957035422,0,2209,MS4A4A
ENSG00000152467.11,0.364485737687662,0,2210,ZSCAN1
ENSG00000204248.14,0.3639634229836874,1,2211,COL11A2
ENSG00000099864.20,0.3638222015943211,0,2212,PALM
ENSG00000110693.21,0.3637175713138363,1,2213,SOX6
ENSG00000153015.18,0.3636786548841952,1,2214,CWC27
ENSG00000148584.18,0.3636113443140673,0,2215,A1CF
ENSG00000130332.17,0.3635808480345309,1,2216,LSM7
ENSG00000037637.13,0.3631636722422151,0,2217,FBXO42
ENSG00000087116.19,0.3630844255765095,1,2218,ADAMTS2
ENSG00000164087.10,0.363072745764752,1,2219,POC1A
ENSG00000205846.5,0.3626460815548457,0,2220,CLEC6A
ENSG00000143921.11,0.362613436335324,1,2221,ABCG8
ENSG00000096093.18,0.3625655871364733,1,2222,EFHC1
ENSG00000107779.18,0.3625141080533001,1,2223,BMPR1A
ENSG00000168591.18,0.3624657566009621,0,2224,TMUB2
ENSG00000101204.19,0.3623934951354983,1,2225,CHRNA4
ENSG00000169905.15,0.3622917483712351,0,2226,TOR1AIP2
ENSG00000114209.17,0.3621746227339134,1,2227,PDCD10
ENSG00000101638.16,0.361963498597339,0,2228,ST8SIA5
ENSG00000184792.18,0.3619482909654414,0,2229,OSBP2
ENSG00000069869.19,0.3615731187362996,0,2230,NEDD4
ENSG00000226742.6,0.3615431134650026,0,2231,HSBP1L1
ENSG00000175311.8,0.3613862014190382,0,2232,ANKS4B
ENSG00000186675.7,0.3613812889821825,0,2233,MAGEE2
ENSG00000273111.7,0.3611365269672866,0,2234,LYPD4
ENSG00000126259.22,0.3610953921901448,0,2235,KIRREL2
ENSG00000185236.14,0.3610649539158472,1,2236,RAB11B
ENSG00000244623.2,0.3609911930917211,0,2237,OR2AE1
ENSG00000215915.10,0.3609354130263999,0,2238,ATAD3C
ENSG00000188215.12,0.3604896779692382,0,2239,DCUN1D3
ENSG00000067533.8,0.3601128801519168,0,2240,RRP15
ENSG00000148225.19,0.3599589777524157,0,2241,WDR31
ENSG00000130699.20,0.3595937608168125,1,2242,TAF4
ENSG00000178031.20,0.3595795454055177,0,2243,ADAMTSL1
ENSG00000169059.14,0.3595166038338815,0,2244,VCX3A
ENSG00000182459.6,0.3593939096538359,0,2245,TEX19
ENSG00000124466.9,0.3593075439829632,0,2246,LYPD3
ENSG00000169258.9,0.3592581688121292,0,2247,GPRIN1
ENSG00000243927.8,0.3592459833701851,0,2248,MRPS6
ENSG00000134884.17,0.3592206197452358,0,2249,ARGLU1
ENSG00000105419.20,0.3590279715771192,0,2250,MEIS3
ENSG00000001631.19,0.3589893720198054,1,2251,KRIT1
ENSG00000163961.5,0.3589332875129904,1,2252,RNF168
ENSG00000125508.5,0.358729613809357,0,2253,SRMS
ENSG00000116095.13,0.3586906501182795,1,2254,PLEKHA3
ENSG00000125966.12,0.3586463059151019,0,2255,MMP24
ENSG00000172867.4,0.3583267193389572,1,2256,KRT2
ENSG00000088727.16,0.3581209785781902,0,2257,KIF9
ENSG00000076321.13,0.3581161884191448,1,2258,KLHL20
ENSG00000110422.14,0.3578322955172328,0,2259,HIPK3
ENSG00000136718.12,0.3577982430193458,0,2260,IMP4
ENSG00000204882.6,0.3574785860222461,0,2261,GPR20
ENSG00000197008.11,0.357435833884365,0,2262,ZNF138
ENSG00000010282.17,0.3574164219575497,0,2263,HHATL
ENSG00000124019.12,0.3574130931103608,0,2264,FAM124B
ENSG00000151790.11,0.357378601606672,0,2265,TDO2
ENSG00000068971.16,0.3572963633717863,0,2266,PPP2R5B
ENSG00000170006.15,0.3572917728236084,0,2267,TMEM154
ENSG00000152463.17,0.3572726188697704,0,2268,OLAH
ENSG00000132481.9,0.3571856582201862,0,2269,TRIM47
ENSG00000178764.10,0.3571537369806886,0,2270,ZHX2
ENSG00000144744.20,0.3570667718706839,0,2271,UBA3
ENSG00000125798.17,0.3570368051611634,0,2272,FOXA2
ENSG00000114491.16,0.3570100220964533,1,2273,UMPS
ENSG00000165973.21,0.3569358882850753,0,2274,NELL1
ENSG00000162694.16,0.3567060221317064,0,2275,EXTL2
ENSG00000143554.16,0.356556966126435,0,2276,SLC27A3
ENSG00000206052.13,0.3564138805244766,0,2277,DOK6
ENSG00000135968.24,0.3563362349154377,0,2278,GCC2
ENSG00000179562.4,0.3563214887965176,0,2279,GCC1
ENSG00000102967.14,0.356180153451616,1,2280,DHODH
ENSG00000171316.16,0.3560963494736419,1,2281,CHD7
ENSG00000179965.14,0.3557640589128197,0,2282,ZNF771
ENSG00000068831.21,0.3554598932859401,1,2283,RASGRP2
ENSG00000179314.19,0.3553812486769954,0,2284,WSCD1
ENSG00000100344.13,0.3552603934051891,0,2285,PNPLA3
ENSG00000132840.12,0.3552178150362796,0,2286,BHMT2
ENSG00000187553.10,0.355157318802969,1,2287,CYP26C1
ENSG00000183098.12,0.3550565131515475,1,2288,GPC6
ENSG00000108375.15,0.354948822390069,1,2289,RNF43
ENSG00000162999.14,0.3549203072169036,0,2290,DUSP19
ENSG00000081052.15,0.3549155594690201,1,2291,COL4A4
ENSG00000197162.12,0.354755757876353,0,2292,ZNF785
ENSG00000104892.19,0.3547384743621259,0,2293,KLC3
ENSG00000165312.7,0.3547234476457583,0,2294,OTUD1
ENSG00000169087.13,0.3544737006237559,0,2295,HSPBAP1
ENSG00000172554.14,0.3542843261425538,0,2296,SNTG2
ENSG00000129472.16,0.3541741631819526,0,2297,RAB2B
ENSG00000065618.23,0.3540429800008147,1,2298,COL17A1
ENSG00000102924.14,0.353851467422227,0,2299,CBLN1
ENSG00000169598.19,0.3537194221877577,0,2300,DFFB
ENSG00000102606.22,0.3536798055620485,0,2301,ARHGEF7
ENSG00000113262.16,0.353637703441417,1,2302,GRM6
ENSG00000166845.17,0.3535474981079591,0,2303,C18orf54
ENSG00000011243.21,0.353227829326542,0,2304,AKAP8L
ENSG00000142864.17,0.3527796229502024,0,2305,SERBP1
ENSG00000125503.15,0.352634707690611,0,2306,PPP1R12C
ENSG00000080618.19,0.3525540749129878,0,2307,CPB2
ENSG00000182916.10,0.3522841549262965,0,2308,TCEAL7
ENSG00000103241.8,0.3521524877252243,1,2309,FOXF1
ENSG00000133812.20,0.3520440355770011,1,2310,SBF2
ENSG00000131730.18,0.3519294242854682,0,2311,CKMT2
ENSG00000100092.25,0.3519071567089791,0,2312,SH3BP1
ENSG00000164068.18,0.3518833077299126,0,2313,RNF123
ENSG00000105726.19,0.3518438295506199,0,2314,ATP13A1
ENSG00000100739.13,0.3517583801294899,0,2315,BDKRB1
ENSG00000205364.6,0.3517400590393114,0,2316,MT1M
ENSG00000162931.14,0.3515474758179537,0,2317,TRIM17
ENSG00000077238.16,0.3513856535679678,0,2318,IL4R
ENSG00000073331.20,0.3511610998674588,1,2319,ALPK1
ENSG00000183542.8,0.351009166525162,0,2320,KLRC4
ENSG00000119509.15,0.3509691297641426,1,2321,INVS
ENSG00000112874.12,0.3509519384265671,0,2322,NUDT12
ENSG00000184162.17,0.3506553509661105,0,2323,NR2C2AP
ENSG00000134138.24,0.3505296044763482,1,2324,MEIS2
ENSG00000156269.5,0.3504493069345422,0,2325,NAA11
ENSG00000173171.16,0.3503975072983098,0,2326,MTX1
ENSG00000023318.11,0.3499416229308721,0,2327,ERP44
ENSG00000100321.17,0.3498293210974103,0,2328,SYNGR1
ENSG00000186723.4,0.3497662799368306,0,2329,OR10H1
ENSG00000225556.3,0.3497488994615975,0,2330,C2CD4D
ENSG00000180822.14,0.3497191617344837,0,2331,PSMG4
ENSG00000114026.23,0.3496004801357221,0,2332,OGG1
ENSG00000269190.8,0.34954763894035,0,2333,FBXO17
ENSG00000257520.2,0.3495206410089945,0,2334,SFTA3
ENSG00000137434.14,0.3494728538499884,0,2335,C6orf52
ENSG00000213930.14,0.3492479293159382,1,2336,GALT
ENSG00000170099.8,0.3489851604286631,1,2337,SERPINA6
ENSG00000139190.18,0.3488570690422505,1,2338,VAMP1
ENSG00000154721.17,0.348850082654129,1,2339,JAM2
ENSG00000121380.14,0.3485836299012268,0,2340,BCL2L14
ENSG00000159217.12,0.3485025027430327,0,2341,IGF2BP1
ENSG00000156502.16,0.3482653394804783,0,2342,SUPV3L1
ENSG00000081803.19,0.348133557708393,0,2343,CADPS2
ENSG00000130675.16,0.347899945224387,1,2344,MNX1
ENSG00000101958.14,0.347785675137963,1,2345,GLRA2
ENSG00000164342.16,0.3475460204581866,0,2346,TLR3
ENSG00000101307.18,0.3470071537443513,0,2347,SIRPB1
ENSG00000137975.9,0.3469814804229744,0,2348,CLCA2
ENSG00000108244.18,0.3469133580633523,0,2349,KRT23
ENSG00000066185.15,0.3467828393969727,0,2350,ZMYND12
ENSG00000166173.12,0.3465030595147333,0,2351,LARP6
ENSG00000162992.6,0.3464668542694091,1,2352,NEUROD1
ENSG00000183340.9,0.3463788666765763,0,2353,JRKL
ENSG00000137473.21,0.3463239854777479,1,2354,TTC29
ENSG00000105675.10,0.3462942559808979,0,2355,ATP4A
ENSG00000168679.20,0.3460649948132595,0,2356,SLC16A4
ENSG00000186787.12,0.3455274487341054,0,2357,SPIN2B
ENSG00000187566.6,0.3454510244489009,1,2358,NHLRC1
ENSG00000187726.11,0.3454116624705001,1,2359,DNAJB13
ENSG00000118263.18,0.3453753101621156,1,2360,KLF7
ENSG00000111325.18,0.3450130222751504,0,2361,OGFOD2
ENSG00000178217.15,0.3450037765441417,0,2362,SH2D4B
ENSG00000266338.9,0.3449731276250143,0,2363,NBPF15
ENSG00000171360.4,0.3449234669560208,0,2364,KRT38
ENSG00000081041.11,0.3447555734392475,0,2365,CXCL2
ENSG00000023734.13,0.344740833522075,0,2366,STRAP
ENSG00000186912.7,0.344657870865163,0,2367,P2RY4
ENSG00000115297.11,0.34455105481757,0,2368,TLX2
ENSG00000159685.13,0.3445424998317574,0,2369,CHCHD6
ENSG00000242362.2,0.3445412471754942,0,2370,CT47A2
ENSG00000122507.23,0.3444244894825927,1,2371,BBS9
ENSG00000133398.6,0.3443465491496766,0,2372,MED10
ENSG00000126091.23,0.344259275388278,1,2373,ST3GAL3
ENSG00000135144.10,0.3442503455325826,0,2374,DTX1
ENSG00000171045.18,0.3437802525484363,0,2375,TSNARE1
ENSG00000165244.8,0.3432833750181798,0,2376,ZNF367
ENSG00000172819.19,0.3431323594019543,0,2377,RARG
ENSG00000166750.12,0.3420386483574387,0,2378,SLFN5
ENSG00000136305.14,0.3418890993865988,0,2379,CIDEB
ENSG00000151952.17,0.3418190741437225,0,2380,TMEM132D
ENSG00000165617.17,0.3414796517883229,1,2381,DACT1
ENSG00000131409.14,0.3408948911059188,0,2382,LRRC4B
ENSG00000133065.13,0.340839953930631,1,2383,SLC41A1
ENSG00000162620.17,0.3407213717332309,0,2384,LRRIQ3
ENSG00000113194.15,0.3405635341972224,0,2385,FAF2
ENSG00000178718.7,0.3404131588869843,0,2386,RPP25
ENSG00000062822.18,0.3401314904134359,1,2387,POLD1
ENSG00000277399.6,0.3398280915385314,1,2388,GPR179
ENSG00000069424.17,0.3397021425682043,0,2389,KCNAB2
ENSG00000236609.6,0.3396877458928564,0,2390,ZNF853
ENSG00000140743.10,0.3396328709872754,0,2391,CDR2
ENSG00000169962.6,0.3395066716293572,0,2392,TAS1R3
ENSG00000145246.16,0.339312634579269,0,2393,ATP10D
ENSG00000071073.15,0.339242645380379,0,2394,MGAT4A
ENSG00000189134.4,0.3391612222678508,0,2395,NKAPL
ENSG00000151117.10,0.338995658774234,0,2396,TMEM86A
ENSG00000185386.17,0.3389187812171164,0,2397,MAPK11
ENSG00000185176.13,0.3387027062429366,0,2398,AQP12B
ENSG00000214021.20,0.3386995406936646,0,2399,TTLL3
ENSG00000188039.17,0.338679792597169,0,2400,NWD1
ENSG00000167077.15,0.3386683977873009,1,2401,MEI1
ENSG00000104814.14,0.3386048706367484,0,2402,MAP4K1
ENSG00000021355.15,0.3384876850502582,0,2403,SERPINB1
ENSG00000108852.18,0.3382691278080453,0,2404,MPP2
ENSG00000144134.21,0.3376379085133201,0,2405,RABL2A
ENSG00000122574.14,0.3375878153323191,0,2406,WIPF3
ENSG00000168676.12,0.3375312732823832,0,2407,KCTD19
ENSG00000163472.21,0.3374260263134125,0,2408,TMEM79
ENSG00000144852.21,0.3372599478444149,0,2409,NR1I2
ENSG00000143147.17,0.3372538797893427,1,2410,GPR161
ENSG00000241058.5,0.3371740754340748,1,2411,NSUN6
ENSG00000158987.24,0.3369889089461722,0,2412,RAPGEF6
ENSG00000198932.15,0.3367549903213918,0,2413,GPRASP1
ENSG00000119689.17,0.3367308989281424,0,2414,DLST
ENSG00000174791.13,0.3365696347391622,0,2415,RIN1
ENSG00000198010.14,0.3364229705498023,0,2416,DLGAP2
ENSG00000196188.14,0.3362158228783809,0,2417,CTSE
ENSG00000116918.17,0.3360551825703572,0,2418,TSNAX
ENSG00000165355.10,0.3360100382215312,0,2419,FBXO33
ENSG00000118156.14,0.3358039469668287,0,2420,ZNF541
ENSG00000149743.16,0.3355235361118464,0,2421,TRPT1
ENSG00000132681.18,0.335507538206816,0,2422,ATP1A4
ENSG00000198746.15,0.3354863115377745,0,2423,GPATCH3
ENSG00000099399.7,0.3354431713940002,0,2424,MAGEB2
ENSG00000011677.15,0.3353496738522865,1,2425,GABRA3
ENSG00000075884.16,0.3353011939395265,0,2426,ARHGAP15
ENSG00000173275.15,0.3352384100029755,0,2427,ZNF449
ENSG00000188312.16,0.335220912733716,0,2428,CENPP
ENSG00000188580.17,0.3351268956585512,0,2429,NKAIN2
ENSG00000151365.4,0.3348740603970532,0,2430,THRSP
ENSG00000185155.13,0.3346858282409864,0,2431,MIXL1
ENSG00000164932.15,0.3346498226541809,1,2432,CTHRC1
ENSG00000167994.15,0.3345709675951909,0,2433,RAB3IL1
ENSG00000187800.16,0.3345584345123593,0,2434,PEAR1
ENSG00000171219.11,0.3344695318511507,0,2435,CDC42BPG
ENSG00000103534.19,0.3344093197111431,0,2436,TMC5
ENSG00000147127.9,0.334313610133945,0,2437,RAB41
ENSG00000132744.10,0.3342407352579691,0,2438,ACY3
ENSG00000125611.17,0.3341702822901076,0,2439,CHCHD5
ENSG00000078487.20,0.3341071423699399,0,2440,ZCWPW1
ENSG00000136099.13,0.3340124596055716,0,2441,PCDH8
ENSG00000113282.16,0.3339427598503207,0,2442,CLINT1
ENSG00000120705.15,0.3336612064827188,0,2443,ETF1
ENSG00000181562.5,0.3335008470772417,0,2444,EDDM3A
ENSG00000153933.12,0.3334492633387707,1,2445,DGKE
ENSG00000184661.16,0.3333973371144317,0,2446,CDCA2
ENSG00000119523.12,0.333366760795087,1,2447,ALG2
ENSG00000219481.11,0.3325827604429859,0,2448,NBPF1
ENSG00000100938.21,0.3323486887220599,0,2449,GMPR2
ENSG00000176715.19,0.331821709896737,1,2450,ACSF3
ENSG00000146802.15,0.3316820802865139,0,2451,TMEM168
ENSG00000007516.17,0.3316416397495474,0,2452,BAIAP3
ENSG00000197272.3,0.3311205738964111,0,2453,IL27
ENSG00000110696.12,0.3310491605325548,0,2454,C11orf58
ENSG00000171174.17,0.3305976723678347,0,2455,RBKS
ENSG00000065320.11,0.3305287463331871,1,2456,NTN1
ENSG00000206432.5,0.330514071304771,0,2457,TMEM200C
ENSG00000135070.16,0.3304983747026395,1,2458,ISCA1
ENSG00000087253.15,0.3304893087942229,1,2459,LPCAT2
ENSG00000122026.14,0.330465894452804,1,2460,RPL21
ENSG00000146192.18,0.3302019845798981,0,2461,FGD2
ENSG00000177464.7,0.3301915130261918,0,2462,GPR4
ENSG00000165650.14,0.3300224508937788,1,2463,PDZD8
ENSG00000099617.4,0.329898017231215,0,2464,EFNA2
ENSG00000187912.12,0.3298243449700385,0,2465,CLEC17A
ENSG00000169297.9,0.3295869956789197,1,2466,NR0B1
ENSG00000076344.18,0.3295865916133524,0,2467,RGS11
ENSG00000139437.20,0.3295282227182348,0,2468,TCHP
ENSG00000149970.17,0.3294028906842994,1,2469,CNKSR2
ENSG00000165694.11,0.3289779916258407,1,2470,FRMD7
ENSG00000113108.22,0.3289139946268958,0,2471,APBB3
ENSG00000181804.17,0.3288815019563869,1,2472,SLC9A9
ENSG00000182010.13,0.3288480517547485,0,2473,RTKN2
ENSG00000184470.22,0.3286178095871568,0,2474,TXNRD2
ENSG00000158748.5,0.3284868418671676,0,2475,HTR6
ENSG00000129460.19,0.3282183193148331,0,2476,NGDN
ENSG00000160712.15,0.3281946359182173,1,2477,IL6R
ENSG00000172938.3,0.3280759283610568,0,2478,MRGPRD
ENSG00000206384.12,0.3279773851468607,0,2479,COL6A6
ENSG00000172215.8,0.3276024087208835,0,2480,CXCR6
ENSG00000185104.23,0.3275664901008066,0,2481,FAF1
ENSG00000107164.19,0.3275451460521023,0,2482,FUBP3
ENSG00000167384.13,0.3275349720358988,0,2483,ZNF180
ENSG00000182489.10,0.3274942011552609,0,2484,XKRX
ENSG00000154920.17,0.3270641631777384,0,2485,EME1
ENSG00000151876.15,0.3269827236349205,0,2486,FBXO4
ENSG00000169676.7,0.3268933891268071,0,2487,DRD5
ENSG00000229937.9,0.3267621363307151,0,2488,PRPS1L1
ENSG00000030110.16,0.326643062918543,0,2489,BAK1
ENSG00000124157.8,0.3265784111450198,0,2490,SEMG2
ENSG00000127328.24,0.3264872220716538,0,2491,RAB3IP
ENSG00000112799.11,0.3261870544573845,0,2492,LY86
ENSG00000131781.15,0.3260053344414037,0,2493,FMO5
ENSG00000099365.13,0.325881515794129,1,2494,STX1B
ENSG00000116096.9,0.3257762283747779,1,2495,SPR
ENSG00000006652.16,0.3257482107903044,0,2496,IFRD1
ENSG00000139354.13,0.325649660853361,0,2497,GAS2L3
ENSG00000153165.19,0.3253029168740249,0,2498,RGPD3
ENSG00000160193.14,0.3252671047507749,1,2499,WDR4
ENSG00000134480.19,0.3252212404340805,0,2500,CCNH
ENSG00000196428.15,0.3251710370166341,0,2501,TSC22D2
ENSG00000196228.7,0.3251477641966402,0,2502,SULT1C3
ENSG00000167618.12,0.3251407549294643,0,2503,LAIR2
ENSG00000076351.15,0.32496746633165,1,2504,SLC46A1
ENSG00000160741.19,0.3249042249512531,0,2505,CRTC2
ENSG00000043355.13,0.3244044328070541,1,2506,ZIC2
ENSG00000180155.22,0.3241314387961526,0,2507,LYNX1
ENSG00000172458.7,0.3240132192254454,0,2508,IL17D
ENSG00000167733.16,0.3238899862766977,0,2509,HSD11B1L
ENSG00000021300.15,0.3238383977911055,0,2510,PLEKHB1
ENSG00000116761.14,0.3237298696503831,1,2511,CTH
ENSG00000196431.5,0.3236631261331787,1,2512,CRYBA4
ENSG00000108587.18,0.3235877185899151,0,2513,GOSR1
ENSG00000118972.4,0.3235231819431389,1,2514,FGF23
ENSG00000116151.16,0.3232302459408821,0,2515,MORN1
ENSG00000169031.23,0.3229486674672789,1,2516,COL4A3
ENSG00000143355.17,0.3229233483705145,0,2517,LHX9
ENSG00000006194.13,0.3227824473271117,0,2518,ZNF263
ENSG00000169550.15,0.3226400290694907,0,2519,MUC15
ENSG00000178919.9,0.3226250271164119,1,2520,FOXE1
ENSG00000115705.24,0.3224776139923711,1,2521,TPO
ENSG00000271503.8,0.3224731201490081,0,2522,CCL5
ENSG00000004139.16,0.322372780280564,1,2523,SARM1
ENSG00000169155.12,0.3223688502734401,0,2524,ZBTB43
ENSG00000129173.15,0.3220715883752306,0,2525,E2F8
ENSG00000105321.16,0.3220639244514682,0,2526,CCDC9
ENSG00000189120.7,0.3220416465966983,1,2527,SP6
ENSG00000104154.9,0.3220101307545374,0,2528,SLC30A4
ENSG00000033030.18,0.3217404062246606,1,2529,ZCCHC8
ENSG00000127084.21,0.321710210760264,0,2530,FGD3
ENSG00000173239.14,0.3212580255292467,0,2531,LIPM
ENSG00000167487.13,0.3211653287864482,0,2532,KLHL26
ENSG00000104450.15,0.3210468604775081,1,2533,SPAG1
ENSG00000163288.15,0.3209376591540169,1,2534,GABRB1
ENSG00000089505.19,0.3208394247468276,0,2535,CMTM1
ENSG00000105697.11,0.3204084910612059,1,2536,HAMP
ENSG00000106868.19,0.3203259752534158,0,2537,SUSD1
ENSG00000100941.11,0.3202607334287047,0,2538,PNN
ENSG00000143443.11,0.3202204955763418,0,2539,C1orf56
ENSG00000270765.9,0.320105400843293,1,2540,GAS2L2
ENSG00000170615.17,0.3200246199475449,1,2541,SLC26A5
ENSG00000121766.18,0.3197081750617919,0,2542,ZCCHC17
ENSG00000126214.24,0.3196599105737175,0,2543,KLC1
ENSG00000179846.11,0.3194947632692357,0,2544,NKPD1
ENSG00000204366.5,0.3193062561839684,0,2545,ZBTB12
ENSG00000172469.19,0.3192164247602856,0,2546,MANEA
ENSG00000198874.16,0.3191886585932061,0,2547,TYW1
ENSG00000196458.13,0.3189966978220468,0,2548,ZNF605
ENSG00000145428.17,0.3187595246306208,0,2549,RNF175
ENSG00000164743.5,0.3180545426675106,0,2550,C8orf48
ENSG00000175395.18,0.3179521940918312,0,2551,ZNF25
ENSG00000168484.15,0.3172280573233655,1,2552,SFTPC
ENSG00000164080.16,0.3167993029115108,0,2553,RAD54L2
ENSG00000112053.15,0.3167689316018358,1,2554,SLC26A8
ENSG00000124812.15,0.3166311238867209,0,2555,CRISP1
ENSG00000092200.13,0.3165291823091256,1,2556,RPGRIP1
ENSG00000178226.13,0.3164026724679309,0,2557,PRSS36
ENSG00000123165.9,0.3162678073907954,0,2558,ACTRT1
ENSG00000167904.18,0.3162160080625893,0,2559,TMEM68
ENSG00000122512.19,0.3161818633571107,1,2560,PMS2
ENSG00000147246.12,0.3161135471840485,0,2561,HTR2C
ENSG00000112077.19,0.3156960220138306,1,2562,RHAG
ENSG00000153201.19,0.315303249642215,1,2563,RANBP2
ENSG00000174460.6,0.3151690538099235,0,2564,ZCCHC12
ENSG00000167619.14,0.3146882152704607,0,2565,TMEM145
ENSG00000244607.9,0.3142624727322101,0,2566,CCDC13
ENSG00000105656.15,0.3140475916096941,0,2567,ELL
ENSG00000230797.3,0.3138479363610083,0,2568,YY2
ENSG00000196653.14,0.3137586021803345,0,2569,ZNF502
ENSG00000139722.9,0.3135044083903367,0,2570,VPS37B
ENSG00000131096.13,0.3132890876117245,0,2571,PYY
ENSG00000188817.9,0.313251092327814,0,2572,SNTN
ENSG00000140259.9,0.3130249530621063,0,2573,MFAP1
ENSG00000137494.16,0.3127908176773588,0,2574,ANKRD42
ENSG00000251493.5,0.3127103530852728,0,2575,FOXD1
ENSG00000120669.17,0.312607462661377,0,2576,SOHLH2
ENSG00000186871.8,0.3125524916517266,0,2577,ERCC6L
ENSG00000170486.12,0.3124364903080576,0,2578,KRT72
ENSG00000006634.10,0.3123846224950653,0,2579,DBF4
ENSG00000173914.14,0.3121902803078641,0,2580,RBM4B
ENSG00000074803.22,0.312150145050106,1,2581,SLC12A1
ENSG00000205744.12,0.3120810727074001,0,2582,DENND1C
ENSG00000120215.11,0.3117474577358976,0,2583,MLANA
ENSG00000183775.12,0.3116962719748299,0,2584,KCTD16
ENSG00000140832.12,0.3115494789578154,0,2585,MARVELD3
ENSG00000162373.15,0.3115094473702449,0,2586,BEND5
ENSG00000159184.9,0.3111718703543311,1,2587,HOXB13
ENSG00000250479.11,0.3108895681144311,1,2588,CHCHD10
ENSG00000105122.15,0.3108519419711802,0,2589,RASAL3
ENSG00000161860.10,0.3106923315538582,0,2590,SYCE2
ENSG00000249751.6,0.3106607813681445,0,2591,ECSCR
ENSG00000104332.14,0.3105716306553379,0,2592,SFRP1
ENSG00000153902.16,0.3104788280127657,1,2593,LGI4
ENSG00000179862.7,0.3103972119819612,0,2594,CITED4
ENSG00000149289.12,0.3103492668674609,0,2595,ZC3H12C
ENSG00000103051.23,0.3096147080721682,1,2596,COG4
ENSG00000121104.9,0.3094920690184161,0,2597,FAM117A
ENSG00000126088.16,0.3092801399929072,1,2598,UROD
ENSG00000181029.11,0.3092764527310856,0,2599,TRAPPC5
ENSG00000198633.13,0.3090974013471038,0,2600,ZNF534
ENSG00000174010.11,0.3089987254921142,1,2601,KLHL15
ENSG00000166436.19,0.3089512964999139,0,2602,TRIM66
ENSG00000146926.13,0.3086666307829107,0,2603,ASB10
ENSG00000167083.9,0.3085504863818568,0,2604,GNGT2
ENSG00000186487.23,0.3083099989035502,1,2605,MYT1L
ENSG00000185404.19,0.3080547234916113,0,2606,SP140L
ENSG00000117133.13,0.3079401307771221,0,2607,RPF1
ENSG00000136444.12,0.3078983970107933,0,2608,RSAD1
ENSG00000185946.18,0.3078497441137975,1,2609,RNPC3
ENSG00000106346.14,0.3077549361257302,0,2610,USP42
ENSG00000244067.5,0.3073845921828406,0,2611,GSTA2
ENSG00000182040.9,0.3070902443720784,1,2612,USH1G
ENSG00000167702.15,0.3069546672061646,0,2613,KIFC2
ENSG00000145216.19,0.3069466172914268,0,2614,FIP1L1
ENSG00000095917.15,0.306744643446261,0,2615,TPSD1
ENSG00000085788.16,0.3065937758526682,1,2616,DDHD2
ENSG00000259571.2,0.3065670890450679,0,2617,BLID
ENSG00000185838.16,0.3065650983726427,0,2618,GNB1L
ENSG00000135835.14,0.3063330545488278,0,2619,KIAA1614
ENSG00000198373.15,0.3061891996050176,1,2620,WWP2
ENSG00000254647.8,0.306021069045274,1,2621,INS
ENSG00000104205.18,0.3058693773542724,0,2622,SGK3
ENSG00000182923.22,0.3058293023343522,1,2623,CEP63
ENSG00000162378.15,0.3057423893692001,0,2624,ZYG11B
ENSG00000255974.10,0.3056762248326357,0,2625,CYP2A6
ENSG00000112293.17,0.3054493684436163,0,2626,GPLD1
ENSG00000119969.18,0.3048831059979713,1,2627,HELLS
ENSG00000181722.20,0.3047940424103967,1,2628,ZBTB20
ENSG00000138617.18,0.3047749078079674,0,2629,PARP16
ENSG00000130783.16,0.3047513412597886,1,2630,CCDC62
ENSG00000260287.5,0.3047018976141147,0,2631,TBC1D3G
ENSG00000132958.20,0.3046828396334782,0,2632,TPTE2
ENSG00000131242.20,0.3046447482285133,0,2633,RAB11FIP4
ENSG00000131634.16,0.3039756112934131,0,2634,TMEM204
ENSG00000131845.16,0.3035057168635032,0,2635,ZNF304
ENSG00000069329.21,0.3032599725516592,1,2636,VPS35
ENSG00000165046.15,0.3031173165500492,0,2637,LETM2
ENSG00000089335.24,0.3025744631244427,0,2638,ZNF302
ENSG00000159761.16,0.3024307241974825,0,2639,C16orf86
ENSG00000161040.21,0.3022765775111869,0,2640,FBXL13
ENSG00000176692.8,0.3021393326025349,1,2641,FOXC2
ENSG00000139173.12,0.3020532803632579,0,2642,TMEM117
ENSG00000112218.11,0.3020167792703747,0,2643,GPR63
ENSG00000133067.20,0.3019930338380959,0,2644,LGR6
ENSG00000178531.7,0.3017364149617014,0,2645,CTXN1
ENSG00000167992.16,0.3014094402664333,1,2646,VWCE
ENSG00000162390.20,0.3012681821257082,0,2647,ACOT11
ENSG00000019485.16,0.3011808410649879,0,2648,PRDM11
ENSG00000160202.9,0.3011624221468998,1,2649,CRYAA
ENSG00000167653.7,0.3005724863088522,0,2650,PSCA
ENSG00000023892.14,0.3000625367538208,1,2651,DEF6
ENSG00000204147.12,0.3000485608707217,0,2652,ASAH2B
ENSG00000135720.15,0.2999610259656128,0,2653,DYNC1LI2
ENSG00000104299.17,0.2998770959562388,0,2654,INTS9
ENSG00000124688.16,0.2997816387160966,0,2655,MAD2L1BP
ENSG00000092020.13,0.2996828430964464,1,2656,PPP2R3C
ENSG00000118298.14,0.2994599508402391,0,2657,CA14
ENSG00000143869.8,0.2994208116957818,0,2658,GDF7
ENSG00000167232.16,0.2993937622764551,0,2659,ZNF91
ENSG00000261509.8,0.2991829450024491,0,2660,TP53TG3B
ENSG00000166569.9,0.2989253336810741,0,2661,CPLX4
ENSG00000135226.18,0.2983680955550831,0,2662,UGT2B28
ENSG00000274286.2,0.2982704735740627,0,2663,ADRA2B
ENSG00000166455.16,0.2979980499334848,0,2664,C16orf46
ENSG00000138587.8,0.297842555822149,1,2665,MNS1
ENSG00000213171.3,0.297742682976396,0,2666,LINGO4
ENSG00000163485.20,0.2976737215516826,0,2667,ADORA1
ENSG00000178814.19,0.297401796915435,1,2668,OPLAH
ENSG00000166526.21,0.2973767525024333,0,2669,ZNF3
ENSG00000149735.8,0.2973616174597768,0,2670,GPHA2
ENSG00000132357.16,0.2972123065658411,0,2671,CARD6
ENSG00000132141.16,0.2971948112307972,0,2672,CCT6B
ENSG00000140067.8,0.296736790950489,0,2673,FAM181A
ENSG00000118407.17,0.2963801749481234,1,2674,FILIP1
ENSG00000204544.5,0.2962427720642406,0,2675,MUC21
ENSG00000105538.12,0.2962302729418776,0,2676,RASIP1
ENSG00000198576.4,0.2961740014221119,0,2677,ARC
ENSG00000154127.11,0.2960157447127231,0,2678,UBASH3B
ENSG00000270885.3,0.2959488232515974,0,2679,RASL10B
ENSG00000166579.18,0.2957774919826269,0,2680,NDEL1
ENSG00000183773.18,0.2956808996545603,0,2681,AIFM3
ENSG00000197415.14,0.2956540560455823,0,2682,VEPH1
ENSG00000005007.16,0.2954295989059286,1,2683,UPF1
ENSG00000167291.18,0.2949593668673023,0,2684,TBC1D16
ENSG00000169193.14,0.2949102745600738,0,2685,CCDC126
ENSG00000136541.17,0.2944561482344951,0,2686,ERMN
ENSG00000165192.16,0.294180941491325,0,2687,ASB11
ENSG00000177951.20,0.2940265723131568,0,2688,BET1L
ENSG00000157184.9,0.2937934603587057,1,2689,CPT2
ENSG00000090971.7,0.2932812930372641,0,2690,NAT14
ENSG00000186446.14,0.2931959506269849,0,2691,ZNF501
ENSG00000133962.8,0.293155572155214,1,2692,CATSPERB
ENSG00000188219.16,0.2930755280934394,0,2693,POTEE
ENSG00000147166.13,0.2928906014010479,0,2694,ITGB1BP2
ENSG00000121236.23,0.2924320174363824,0,2695,TRIM6
ENSG00000142235.14,0.2924113436772487,0,2696,LMTK3
ENSG00000148200.19,0.2923557126827587,1,2697,NR6A1
ENSG00000189186.13,0.2921816152528044,0,2698,DCAF8L2
ENSG00000205097.8,0.2919225810884872,0,2699,FRG2
ENSG00000102543.16,0.2917010466630588,0,2700,CDADC1
ENSG00000149292.19,0.2916832151618654,1,2701,TTC12
ENSG00000241484.12,0.2916082248583343,0,2702,ARHGAP8
ENSG00000204305.18,0.2910300027243253,0,2703,AGER
ENSG00000168792.6,0.2908340685329504,0,2704,ABHD15
ENSG00000170545.19,0.2907429829657543,0,2705,SMAGP
ENSG00000155508.16,0.2906712906104582,0,2706,CNOT8
ENSG00000157111.15,0.2904911707039605,0,2707,TMEM171
ENSG00000152591.15,0.2902445427101363,1,2708,DSPP
ENSG00000205045.14,0.2902034709943766,0,2709,SLFN12L
ENSG00000070729.15,0.289885659511489,1,2710,CNGB1
ENSG00000167600.16,0.2894866510749898,0,2711,CYP2S1
ENSG00000146910.14,0.2892887148889619,0,2712,CNPY1
ENSG00000176055.11,0.2892201789332324,0,2713,MBLAC2
ENSG00000145649.9,0.28897115472334,0,2714,GZMA
ENSG00000153982.11,0.2889400853629277,0,2715,GDPD1
ENSG00000146215.16,0.2887306358687118,0,2716,CRIP3
ENSG00000167858.14,0.2886081688400743,0,2717,TEKT1
ENSG00000167380.19,0.2883639194944954,0,2718,ZNF226
ENSG00000262576.4,0.2882062207228802,0,2719,PCDHGA4
ENSG00000165985.13,0.2881331828865818,0,2720,C1QL3
ENSG00000142303.16,0.2879611561442732,1,2721,ADAMTS10
ENSG00000135378.6,0.2879437713298969,0,2722,PRRG4
ENSG00000204209.15,0.2878590813865099,0,2723,DAXX
ENSG00000144227.6,0.2878374816027298,0,2724,NXPH2
ENSG00000058673.18,0.2877929677326624,0,2725,ZC3H11A
ENSG00000101187.18,0.2875435135432858,0,2726,SLCO4A1
ENSG00000153266.15,0.2875359103424497,1,2727,FEZF2
ENSG00000180383.5,0.2871190625985647,0,2728,DEFB124
ENSG00000197653.18,0.2868846437827383,1,2729,DNAH10
ENSG00000214595.14,0.2868789068922587,0,2730,EML6
ENSG00000149021.9,0.286645022890156,0,2731,SCGB1A1
ENSG00000214517.12,0.286549647546688,0,2732,PPME1
ENSG00000163207.8,0.2865107921065515,0,2733,IVL
ENSG00000189334.11,0.2863373154887673,0,2734,S100A14
ENSG00000186001.16,0.2862856958252601,0,2735,LRCH3
ENSG00000105989.12,0.2862696992096291,0,2736,WNT2
ENSG00000112852.8,0.2857297019809945,0,2737,PCDHB2
ENSG00000183862.6,0.2852792178427339,0,2738,CNGA2
ENSG00000107185.12,0.285216263048286,0,2739,RGP1
ENSG00000175414.9,0.285147685869002,0,2740,ARL10
ENSG00000133818.16,0.2848446935819791,1,2741,RRAS2
ENSG00000132911.7,0.2844099742706995,0,2742,NMUR2
ENSG00000100312.12,0.2842193574643168,1,2743,ACR
ENSG00000016490.18,0.2841916586897737,0,2744,CLCA1
ENSG00000248333.11,0.2841912149886496,0,2745,CDK11B
ENSG00000179598.7,0.283971613875197,0,2746,PLD6
ENSG00000177483.12,0.2838302688228445,0,2747,RBM44
ENSG00000006757.14,0.2834705613826052,0,2748,PNPLA4
ENSG00000228049.9,0.2827765384013541,0,2749,POLR2J2
ENSG00000087586.20,0.282580686930612,0,2750,AURKA
ENSG00000171402.16,0.2823582203440269,0,2751,XAGE3
ENSG00000092009.11,0.2815997017608077,0,2752,CMA1
ENSG00000177683.15,0.2814529750448196,0,2753,THAP5
ENSG00000089234.18,0.2814265778066794,0,2754,BRAP
ENSG00000165091.18,0.2813446897862519,1,2755,TMC1
ENSG00000241404.9,0.2809654217227895,0,2756,EGFL8
ENSG00000289549.1,0.2809151009552545,0,2757,PPIAL4D
ENSG00000178935.6,0.2806067169433622,0,2758,ZNF552
ENSG00000165983.17,0.2802091953078925,0,2759,PTER
ENSG00000214212.11,0.2801951136531999,0,2760,C19orf38
ENSG00000103671.12,0.2793207970576819,1,2761,TRIP4
ENSG00000100226.18,0.2792261000898039,1,2762,GTPBP1
ENSG00000171160.20,0.2783749959727071,0,2763,MORN4
ENSG00000288705.2,0.2783441378531818,0,2764,UGT1A5
ENSG00000158427.17,0.2780185455894767,0,2765,TMSB15B
ENSG00000155858.7,0.2778969091901866,1,2766,LSM11
ENSG00000258436.2,0.2774836991309481,0,2767,RNASE12
ENSG00000167604.17,0.2774726442179031,0,2768,NFKBID
ENSG00000186976.17,0.2771098959433766,0,2769,EFCAB6
ENSG00000105289.17,0.2768454029660022,0,2770,TJP3
ENSG00000205022.9,0.2767530074752815,0,2771,PABPN1L
ENSG00000109881.19,0.2766960326284229,1,2772,CCDC34
ENSG00000100628.14,0.2765654136145276,0,2773,ASB2
ENSG00000149300.11,0.2760034242941295,0,2774,C11orf52
ENSG00000135119.16,0.2758553466940055,0,2775,RNFT2
ENSG00000143184.6,0.2757566564640467,0,2776,XCL1
ENSG00000151353.18,0.2755555153977438,0,2777,TMEM18
ENSG00000145782.15,0.2755149211303954,0,2778,ATG12
ENSG00000146021.17,0.2749497930775559,1,2779,KLHL3
ENSG00000204514.12,0.2749497420972638,0,2780,ZNF814
ENSG00000159579.16,0.2747392850420675,1,2781,RSPRY1
ENSG00000196557.15,0.2747204912816279,1,2782,CACNA1H
ENSG00000167578.20,0.274270987057805,0,2783,RAB4B
ENSG00000178694.11,0.27415384366274,1,2784,NSUN3
ENSG00000189190.13,0.2731290822687852,0,2785,ZNF600
ENSG00000180739.16,0.2729506960161686,0,2786,S1PR5
ENSG00000184635.18,0.2722552703989059,0,2787,ZNF93
ENSG00000197566.12,0.2717594846673823,0,2788,ZNF624
ENSG00000171405.15,0.2716156893635357,0,2789,XAGE5
ENSG00000112041.14,0.2715240092254107,1,2790,TULP1
ENSG00000116783.17,0.2713944759956829,1,2791,TNNI3K
ENSG00000188257.14,0.2713454548992278,1,2792,PLA2G2A
ENSG00000083844.12,0.2712751726562071,0,2793,ZNF264
ENSG00000180304.15,0.2710999150408235,0,2794,OAZ2
ENSG00000117425.16,0.2705484101940087,1,2795,PTCH2
ENSG00000197935.9,0.2704059368422843,0,2796,ZNF311
ENSG00000139574.11,0.2702620180305831,0,2797,NPFF
ENSG00000141294.11,0.2701631490124589,0,2798,LRRC46
ENSG00000277161.4,0.2700611209967922,1,2799,PIGW
ENSG00000160298.20,0.2699066898180166,0,2800,C21orf58
ENSG00000130035.11,0.2694892388183385,0,2801,GALNT8
ENSG00000250361.11,0.2693336410134971,0,2802,GYPB
ENSG00000173610.14,0.2692640141704195,0,2803,UGT2A1
ENSG00000153044.12,0.2692399802592374,0,2804,CENPH
ENSG00000176834.16,0.2691145652830669,0,2805,VSIG10
ENSG00000141505.14,0.2688060336575875,0,2806,ASGR1
ENSG00000067221.16,0.2687452487472341,0,2807,STOML1
ENSG00000186603.7,0.2686857970829778,1,2808,HPDL
ENSG00000161664.8,0.2684742563757732,0,2809,ASB16
ENSG00000179023.9,0.2683446990236264,0,2810,KLHDC7A
ENSG00000156150.10,0.267330463373104,1,2811,ALX3
ENSG00000213996.15,0.267314388298443,0,2812,TM6SF2
ENSG00000185046.22,0.2672418903762956,0,2813,ANKS1B
ENSG00000178473.7,0.2671478272362379,0,2814,UCN3
ENSG00000175766.15,0.2670785556175545,0,2815,EIF4E1B
ENSG00000127533.5,0.2669041514274228,0,2816,F2RL3
ENSG00000070371.18,0.2667377302254768,0,2817,CLTCL1
ENSG00000140990.17,0.2662011237948707,1,2818,NDUFB10
ENSG00000176136.6,0.2654654104974485,0,2819,MC5R
ENSG00000115604.14,0.2654629421550303,0,2820,IL18R1
ENSG00000167881.17,0.2654625760855431,1,2821,SRP68
ENSG00000130590.15,0.2653763160397964,0,2822,SAMD10
ENSG00000174788.11,0.2648895484040116,0,2823,PCP2
ENSG00000226650.6,0.264596423216039,0,2824,KIF4B
ENSG00000070019.7,0.2642504616951552,1,2825,GUCY2C
ENSG00000087076.11,0.2631666994388777,0,2826,HSD17B14
ENSG00000050327.17,0.2630175870874995,0,2827,ARHGEF5
ENSG00000152086.10,0.2627905372314758,0,2828,TUBA3E
ENSG00000139880.22,0.2627655191700825,0,2829,CDH24
ENSG00000198798.6,0.2627398571146472,0,2830,MAGEB3
ENSG00000278845.7,0.2619819057563148,0,2831,MRPL45
ENSG00000189227.7,0.261904774968311,0,2832,C15orf61
ENSG00000213185.9,0.2617129773004285,0,2833,FAM24B
ENSG00000198865.12,0.2615436823628606,0,2834,CCDC152
ENSG00000103707.12,0.2610993121729296,1,2835,MTFMT
ENSG00000128335.16,0.2608752196909376,0,2836,APOL2
ENSG00000146857.6,0.2605728845763866,0,2837,STRA8
ENSG00000149922.13,0.2600081655288804,1,2838,TBX6
ENSG00000221869.6,0.2599032028251447,0,2839,CEBPD
ENSG00000099937.13,0.2591681630912778,1,2840,SERPIND1
ENSG00000162598.15,0.2590573335394808,0,2841,C1orf87
ENSG00000127366.5,0.2584828428403442,0,2842,TAS2R5
ENSG00000162426.18,0.2582208429150784,0,2843,SLC45A1
ENSG00000189023.11,0.2580826779596391,0,2844,MAGEB16
ENSG00000215148.11,0.2580504197472997,0,2845,PRSS41
ENSG00000167981.8,0.2579605955597374,0,2846,ZNF597
ENSG00000173156.9,0.2578999303405569,0,2847,RHOD
ENSG00000186479.6,0.2577812827572642,0,2848,RGS7BP
ENSG00000082512.17,0.2577693523317851,0,2849,TRAF5
ENSG00000171487.18,0.2577481102919645,1,2850,NLRP5
ENSG00000100448.5,0.2576065391378718,0,2851,CTSG
ENSG00000102021.12,0.2574840128082128,0,2852,LUZP4
ENSG00000253731.4,0.2574331614731953,0,2853,PCDHGA6
ENSG00000036672.18,0.2573701850309525,0,2854,USP2
ENSG00000099960.15,0.2573518808895648,0,2855,SLC7A4
ENSG00000273045.9,0.256845426471622,0,2856,C2orf15
ENSG00000118017.6,0.2568262263204421,0,2857,A4GNT
ENSG00000185055.13,0.2566889131436987,0,2858,EFCAB10
ENSG00000167664.11,0.2562629986404776,0,2859,TMIGD2
ENSG00000158816.18,0.2555540396216371,0,2860,VWA5B1
ENSG00000166634.7,0.2554119983739598,0,2861,SERPINB12
ENSG00000254415.4,0.2551361597459831,0,2862,SIGLEC14
ENSG00000105205.8,0.2540113010936245,0,2863,CLC
ENSG00000182111.9,0.2536101846805976,0,2864,ZNF716
ENSG00000188877.12,0.2535918990523415,0,2865,POTEA
ENSG00000119737.7,0.2532052206745688,0,2866,GPR75
ENSG00000179636.16,0.2529265525331653,0,2867,TPPP2
ENSG00000131142.16,0.2527870910730403,0,2868,CCL25
ENSG00000225950.11,0.2527379383681162,0,2869,NTF4
ENSG00000148204.14,0.2525021039542081,1,2870,CRB2
ENSG00000157193.20,0.252043269569276,0,2871,LRP8
ENSG00000186326.4,0.2518915044790614,1,2872,RGS9BP
ENSG00000250254.2,0.2518119028800294,0,2873,PTTG2
ENSG00000188676.17,0.2515398705404605,0,2874,IDO2
ENSG00000187537.13,0.2513119812254948,0,2875,POTEG
ENSG00000146707.17,0.2511514148624426,0,2876,POMZP3
ENSG00000108839.14,0.2511208652074348,0,2877,ALOX12
ENSG00000169621.13,0.2511143034872157,0,2878,APLF
ENSG00000267680.8,0.2507545190253809,0,2879,ZNF224
ENSG00000113100.11,0.250691555457913,0,2880,CDH9
ENSG00000198556.16,0.2504625910871487,0,2881,ZNF789
ENSG00000132446.7,0.2503370630363433,0,2882,FTHL17
ENSG00000276085.1,0.2499658560406233,0,2883,CCL3L3
ENSG00000122224.21,0.2498242401371918,0,2884,LY9
ENSG00000188167.10,0.2497822840004259,0,2885,TMPPE
ENSG00000126550.10,0.2494262579705891,0,2886,HTN1
ENSG00000197587.14,0.2485579933164442,0,2887,DMBX1
ENSG00000167685.17,0.2472681656627119,0,2888,ZNF444
ENSG00000105392.18,0.2470023273747306,1,2889,CRX
ENSG00000168930.13,0.2458491047577761,0,2890,TRIM49
ENSG00000113196.5,0.2456826831698635,0,2891,HAND1
ENSG00000186652.12,0.2453969574800718,0,2892,PRG2
ENSG00000160886.14,0.2452682000543441,0,2893,LY6K
ENSG00000146054.20,0.2447672758205311,0,2894,TRIM7
ENSG00000253910.4,0.2447510109071283,0,2895,PCDHGB2
ENSG00000172461.13,0.244701672209707,0,2896,FUT9
ENSG00000229676.4,0.2446158255108413,0,2897,ZNF492
ENSG00000204613.12,0.2438804947774943,0,2898,TRIM10
ENSG00000083828.17,0.2435648120616697,0,2899,ZNF586
ENSG00000167757.16,0.2433978370162034,1,2900,KLK11
ENSG00000213347.13,0.2426761900742621,0,2901,MXD3
ENSG00000161395.15,0.24204943017885,1,2902,PGAP3
ENSG00000176125.7,0.2420175956319656,0,2903,UFSP1
ENSG00000244682.8,0.2417715153249155,0,2904,FCGR2C
ENSG00000256294.10,0.2417389039316591,0,2905,ZNF225
ENSG00000182566.16,0.2413907174242806,0,2906,CLEC4G
ENSG00000126249.9,0.2413471695297801,0,2907,PDCD2L
ENSG00000135423.15,0.2412036573532813,0,2908,GLS2
ENSG00000269502.7,0.241185852772427,0,2909,DMRTC1
ENSG00000172062.19,0.2404345887953372,1,2910,SMN1
ENSG00000255833.3,0.2401460960818734,0,2911,TIFAB
ENSG00000126814.9,0.2399793944872431,1,2912,TRMT5
ENSG00000155903.16,0.2395881343206008,0,2913,RASA2
ENSG00000105605.9,0.2395466471476305,0,2914,CACNG7
ENSG00000213214.8,0.2391960594309159,0,2915,ARHGEF35
ENSG00000088256.10,0.2386255002442145,1,2916,GNA11
ENSG00000136828.21,0.2376636033398771,0,2917,RALGPS1
ENSG00000105717.16,0.2371536258085969,0,2918,PBX4
ENSG00000173976.17,0.2369424755590402,1,2919,RAX2
ENSG00000136404.18,0.2369192001296654,0,2920,TM6SF1
ENSG00000186526.13,0.2368131930287784,0,2921,CYP4F8
ENSG00000148950.13,0.2364318951927067,0,2922,IMMP1L
ENSG00000105619.16,0.2363853251785198,0,2923,TFPT
ENSG00000145817.19,0.2360356401495388,1,2924,YIPF5
ENSG00000123610.6,0.2358826962107164,0,2925,TNFAIP6
ENSG00000150967.21,0.2350389737292753,0,2926,ABCB9
ENSG00000134551.15,0.2347406421545153,0,2927,PRH2
ENSG00000140522.14,0.2342728015187426,1,2928,RLBP1
ENSG00000125831.12,0.2340791969230652,0,2929,CST11
ENSG00000161031.15,0.2340309439692106,0,2930,PGLYRP2
ENSG00000158473.10,0.2338328447066155,0,2931,CD1D
ENSG00000251692.9,0.2336282521590242,0,2932,PTX4
ENSG00000182324.8,0.2333038868699576,0,2933,KCNJ14
ENSG00000255408.5,0.2331471995180757,0,2934,PCDHA3
ENSG00000205667.3,0.2326854075526775,0,2935,ARSH
ENSG00000277322.1,0.2319366678265707,0,2936,GOLGA6L6
ENSG00000147206.18,0.2307113519622681,0,2937,NXF3
ENSG00000197361.9,0.2298939950648788,0,2938,FBXL22
ENSG00000169372.15,0.2296343161640688,1,2939,CRADD
ENSG00000157349.19,0.2293159867870961,0,2940,DDX19B
ENSG00000168286.3,0.2288980684219732,0,2941,THAP11
ENSG00000186017.18,0.2283674560806274,0,2942,ZNF566
ENSG00000188508.12,0.2280551492460083,0,2943,KRTDAP
ENSG00000204936.12,0.2279796940673486,0,2944,CD177
ENSG00000120937.11,0.2277797492833163,0,2945,NPPB
ENSG00000187922.16,0.2277221201366465,0,2946,LCN10
ENSG00000166800.12,0.2264948594359808,0,2947,LDHAL6A
ENSG00000168491.11,0.2254470375214596,0,2948,CCDC110
ENSG00000106526.14,0.2252350119728305,0,2949,ACTR3C
ENSG00000221923.11,0.2244023605005022,0,2950,ZNF880
ENSG00000073861.5,0.2234780172238461,1,2951,TBX21
ENSG00000160349.11,0.2232924250980378,0,2952,LCN1
ENSG00000188729.8,0.2232307500515313,0,2953,OSTN
ENSG00000254221.4,0.2231357638118055,0,2954,PCDHGB1
ENSG00000126583.13,0.2226272049475046,1,2955,PRKCG
ENSG00000182793.12,0.2223622534802664,0,2956,GSTA5
ENSG00000181754.9,0.2221590839596339,0,2957,AMIGO1
ENSG00000015413.12,0.2221055350407114,0,2958,DPEP1
ENSG00000214860.7,0.2205582216355213,0,2959,EVPLL
ENSG00000173908.9,0.2204408757134933,0,2960,KRT28
ENSG00000167555.16,0.2203076099268598,0,2961,ZNF528
ENSG00000196214.13,0.219927854676315,1,2962,ZNF766
ENSG00000172421.10,0.2193404739859061,0,2963,EFCAB3
ENSG00000117862.16,0.2186783071795424,0,2964,TXNDC12
ENSG00000157578.16,0.2180572076465996,0,2965,LCA5L
ENSG00000244094.3,0.2179641156520662,0,2966,SPRR2F
ENSG00000169877.12,0.21716853955259,0,2967,AHSP
ENSG00000196418.15,0.2166595246468196,0,2968,ZNF124
ENSG00000135974.13,0.2166100808016974,0,2969,C2orf49
ENSG00000196466.11,0.2160228869873829,0,2970,ZNF799
ENSG00000153086.16,0.2154471676986863,0,2971,ACMSD
ENSG00000171291.10,0.2142389262756041,0,2972,ZNF439
ENSG00000186364.14,0.2142161338758762,0,2973,NUDT17
ENSG00000143452.17,0.2134816880755928,1,2974,HORMAD1
ENSG00000109079.12,0.2134021841297807,0,2975,TNFAIP1
ENSG00000136488.16,0.2133956168581743,0,2976,CSH1
ENSG00000184647.12,0.2133887432850133,0,2977,PRSS55
ENSG00000186628.14,0.2133739854735477,0,2978,FSD2
ENSG00000182585.11,0.2130982489449976,0,2979,EPGN
ENSG00000149489.10,0.2121734719278987,0,2980,ROM1
ENSG00000137218.12,0.2115765915129159,0,2981,FRS3
ENSG00000144893.15,0.211458018330086,1,2982,MED12L
ENSG00000160117.18,0.2113133994199353,0,2983,ANKLE1
ENSG00000189195.17,0.2110739336509932,0,2984,BTBD8
ENSG00000134827.8,0.2109517870986708,1,2985,TCN1
ENSG00000131351.17,0.2109137065732795,0,2986,HAUS8
ENSG00000173389.17,0.2102469171131797,0,2987,IQCF1
ENSG00000174599.5,0.2101249616974063,0,2988,TRAM1L1
ENSG00000170160.21,0.209369284030807,0,2989,CCDC144A
ENSG00000173699.18,0.2091960949760628,0,2990,SPATA3
ENSG00000257138.1,0.2082263307140097,0,2991,TAS2R38
ENSG00000168060.17,0.2075167503486696,0,2992,NAALADL1
ENSG00000108702.4,0.2074061895987395,0,2993,CCL1
ENSG00000213424.11,0.2072110670819036,0,2994,KRT222
ENSG00000007171.21,0.2070093878348486,0,2995,NOS2
ENSG00000197889.12,0.2061837218286425,0,2996,MEIG1
ENSG00000214300.8,0.2060240044495827,0,2997,SPDYE3
ENSG00000168925.13,0.2056759886265908,0,2998,CTRB1
ENSG00000275113.1,0.2055702309369273,0,2999,GAGE2E
ENSG00000175329.15,0.2047748868331862,0,3000,ISX
ENSG00000077498.9,0.2038578973166162,1,3001,TYR
ENSG00000167103.13,0.2031213699212305,0,3002,PIP5KL1
ENSG00000159723.7,0.2025020194150943,0,3003,AGRP
ENSG00000134007.5,0.2018663488240757,0,3004,ADAM20
ENSG00000163982.6,0.2015614178192288,0,3005,OTOP1
ENSG00000108349.20,0.2004521494326843,0,3006,CASC3
ENSG00000137834.17,0.1999629670647388,1,3007,SMAD6
ENSG00000182261.5,0.1997227389458845,0,3008,NLRP10
ENSG00000168412.7,0.1996847485628488,0,3009,MTNR1A
ENSG00000155714.14,0.1996487232517939,0,3010,PDZD9
ENSG00000132464.13,0.199412756721046,1,3011,ENAM
ENSG00000170954.14,0.1984667214807386,0,3012,ZNF415
ENSG00000144182.19,0.1981026817140768,1,3013,LIPT1
ENSG00000172322.15,0.1980840409517147,0,3014,CLEC12A
ENSG00000189052.8,0.1978329932514483,0,3015,CGB5
ENSG00000213316.12,0.1977021580518737,0,3016,LTC4S
ENSG00000167543.18,0.1974691435488501,0,3017,TP53I13
ENSG00000174327.8,0.1968534897040265,1,3018,SLC16A13
ENSG00000164291.19,0.1968284219142672,1,3019,ARSK
ENSG00000172967.9,0.1959192990713642,0,3020,XKR3
ENSG00000196110.9,0.195712629937714,1,3021,ZNF699
ENSG00000181023.8,0.1946853511464562,0,3022,OR56B1
ENSG00000206561.16,0.1940308859247529,1,3023,COLQ
ENSG00000185829.20,0.1938216170104728,0,3024,ARL17A
ENSG00000124449.7,0.1936684507124483,0,3025,IRGC
ENSG00000240053.9,0.1933115159704886,0,3026,LY6G5B
ENSG00000102539.6,0.1932229400965427,0,3027,MLNR
ENSG00000198453.17,0.1927268526018625,0,3028,ZNF568
ENSG00000196268.13,0.1922235200440475,0,3029,ZNF493
ENSG00000162601.14,0.1922010081762468,1,3030,MYSM1
ENSG00000233701.3,0.1901253743734023,0,3031,PRR23C
ENSG00000149516.16,0.1892653451246997,0,3032,MS4A3
ENSG00000188542.11,0.1878914628161705,0,3033,DUSP28
ENSG00000121634.6,0.1876678482498895,1,3034,GJA8
ENSG00000231861.3,0.1871956797275606,0,3035,OR5K2
ENSG00000180878.3,0.1871027997271768,0,3036,C11orf42
ENSG00000204920.13,0.1869193828333738,0,3037,ZNF155
ENSG00000172410.5,0.1857466498209558,0,3038,INSL5
ENSG00000072954.9,0.1850725708870893,0,3039,TMEM38A
ENSG00000166118.9,0.1848814123100859,0,3040,SPATA19
ENSG00000234186.5,0.1843006733295545,0,3041,C16orf82
ENSG00000183318.13,0.1837570888060717,0,3042,SPDYE4
ENSG00000121417.16,0.1836801728891222,0,3043,ZNF211
ENSG00000187135.10,0.1834095658661196,0,3044,VSTM2B
ENSG00000152093.9,0.1833827965079813,0,3045,CFC1B
ENSG00000204965.10,0.1831972568700486,0,3046,PCDHA5
ENSG00000104938.20,0.183154902967144,0,3047,CLEC4M
ENSG00000273540.5,0.18039050165699,0,3048,AGBL1
ENSG00000196862.10,0.1798755199512648,0,3049,RGPD4
ENSG00000172345.16,0.1789693945699102,0,3050,STARD5
ENSG00000130182.9,0.1789494060881089,1,3051,ZSCAN10
ENSG00000112038.18,0.1788646216973445,0,3052,OPRM1
ENSG00000185482.10,0.1779268466128971,1,3053,STAC3
ENSG00000197863.11,0.1778852981173277,0,3054,ZNF790
ENSG00000125903.4,0.1775960613268316,0,3055,DEFB129
ENSG00000104804.10,0.1750720518397797,0,3056,TULP2
ENSG00000230657.10,0.1746254183230656,0,3057,PRB4
ENSG00000182156.12,0.1713779322284355,0,3058,ENPP7
ENSG00000171643.16,0.1709168240386256,0,3059,S100Z
ENSG00000105708.10,0.1695124253260271,0,3060,ZNF14
ENSG00000234068.8,0.1692567715511759,0,3061,PAGE2
ENSG00000162006.10,0.1683683771846494,0,3062,MSLNL
ENSG00000163646.12,0.167853259036092,1,3063,CLRN1
ENSG00000137080.4,0.1674619949543742,0,3064,IFNA21
ENSG00000196357.14,0.1674549265898919,0,3065,ZNF565
ENSG00000197479.7,0.1649692168390803,0,3066,PCDHB11
ENSG00000140505.9,0.1634797365720907,0,3067,CYP1A2
ENSG00000256223.8,0.1630922050817634,0,3068,ZNF10
ENSG00000253148.1,0.1622456463857276,0,3069,RGS21
ENSG00000198028.5,0.1619851197144768,0,3070,ZNF560
ENSG00000234284.9,0.1609083941877362,0,3071,ZNF879
ENSG00000213401.12,0.1591629533727504,0,3072,MAGEA12
ENSG00000180884.12,0.1591112922367209,0,3073,ZNF792
ENSG00000124089.4,0.1587133471903789,0,3074,MC3R
ENSG00000231213.7,0.1580643368214494,0,3075,PLSCR5
ENSG00000197608.14,0.1575776589578858,0,3076,ZNF841
ENSG00000169340.10,0.1556741852508118,0,3077,PDILT
ENSG00000124818.17,0.1536120603675961,0,3078,OPN5
ENSG00000163737.6,0.153185619239324,0,3079,PF4
ENSG00000255374.3,0.1531849079059462,0,3080,TAS2R43
ENSG00000178201.5,0.1524615644773951,0,3081,VN1R1
ENSG00000166321.16,0.1513211237986153,0,3082,NUDT13
ENSG00000197497.13,0.1492450066382303,0,3083,ZNF665
ENSG00000205777.19,0.1481645499464151,0,3084,GAGE1
ENSG00000172650.16,0.1480014867375793,0,3085,AGAP5
ENSG00000061492.12,0.1478985705858576,0,3086,WNT8A
ENSG00000105136.24,0.1478866747549873,0,3087,ZNF419
ENSG00000167414.7,0.1476366976788057,0,3088,GNG8
ENSG00000147570.12,0.1472941637231406,0,3089,DNAJC5B
ENSG00000197714.11,0.1464516355967842,0,3090,ZNF460
ENSG00000183185.10,0.1458445418825696,0,3091,GABRR3
ENSG00000155269.12,0.1457450152712293,0,3092,GPR78
ENSG00000188655.12,0.145254258498795,0,3093,RNASE9
ENSG00000205409.3,0.1452407577274986,0,3094,OR52E6
ENSG00000158901.13,0.1450500924826948,0,3095,WFDC8
ENSG00000105617.5,0.1450385903748438,0,3096,LENG1
ENSG00000176386.11,0.1448256350389424,0,3097,CDC26
ENSG00000073754.7,0.1430823833113968,0,3098,CD5L
ENSG00000182698.14,0.1424769172133593,0,3099,RESP18
ENSG00000196184.10,0.1422861665766045,0,3100,OR10J1
ENSG00000180855.16,0.1418092143985843,0,3101,ZNF443
ENSG00000152454.5,0.1399640954707587,0,3102,ZNF256
ENSG00000188227.16,0.1389996395803772,0,3103,ZNF793
ENSG00000170790.6,0.1379818449545569,0,3104,OR10A2
ENSG00000251247.15,0.1373424334246474,0,3105,ZNF345
ENSG00000106328.11,0.1369341769534276,0,3106,FSCN3
ENSG00000187173.4,0.1356945432966732,0,3107,LCE2A
ENSG00000165584.17,0.1333098481622686,0,3108,SSX3
ENSG00000198049.8,0.1330154653978329,0,3109,AVPR1B
ENSG00000172689.2,0.1323527753490184,0,3110,MS4A10
ENSG00000234438.5,0.1318122654242561,1,3111,KBTBD13
ENSG00000151577.14,0.131687143497977,0,3112,DRD3
ENSG00000268940.7,0.1309814023857282,0,3113,CT45A1
ENSG00000121314.3,0.1287598069148106,0,3114,TAS2R8
ENSG00000214700.7,0.1275868814206804,0,3115,C12orf71
ENSG00000196605.9,0.1262138278092859,0,3116,ZNF846
ENSG00000182271.15,0.1248530241089905,0,3117,TMIGD1
ENSG00000152266.7,0.1239813623227585,1,3118,PTH
ENSG00000179002.6,0.1208337816170511,0,3119,TAS1R2
ENSG00000189375.12,0.1204164778130059,0,3120,TBC1D28
ENSG00000142538.3,0.120355492785439,0,3121,PTH2
ENSG00000206177.8,0.1202061732365091,0,3122,HBM
ENSG00000124827.7,0.1187090288959101,1,3123,GCM2
ENSG00000119608.16,0.1152953072433831,0,3124,PROX2
ENSG00000269058.7,0.1151879689624379,0,3125,CALR3
ENSG00000213921.8,0.115121806403838,0,3126,LEUTX
ENSG00000186803.3,0.1094919876885706,0,3127,IFNA10
ENSG00000169509.6,0.1092436413484568,0,3128,CRCT1
ENSG00000197437.5,0.1086486899171092,0,3129,OR13G1
ENSG00000167359.8,0.1082352410785333,0,3130,OR51I1
ENSG00000178386.15,0.1076172246859458,0,3131,ZNF223
ENSG00000141946.1,0.1063553228187074,0,3132,ZIM3
ENSG00000144771.8,0.1048682305573843,0,3133,LRTM1
ENSG00000173451.8,0.1045784212620809,0,3134,THAP2
ENSG00000182613.3,0.1037230530769443,0,3135,OR2V2
ENSG00000118434.9,0.1033604936966635,1,3136,SPACA1
ENSG00000263761.4,0.1024440509164534,1,3137,GDF2
ENSG00000157131.14,0.0987265124195852,1,3138,C8A
ENSG00000274102.3,0.0977427792361097,0,3139,OR4M2
ENSG00000176299.5,0.0976580680431519,0,3140,OR4M1
ENSG00000239590.1,0.0960808285819219,0,3141,OR1J4
ENSG00000171136.8,0.0956264143114064,0,3142,RLN3
ENSG00000071203.11,0.0954903248529328,0,3143,MS4A12
ENSG00000161298.20,0.0909918829572411,0,3144,ZNF382
ENSG00000173612.10,0.0895127719239123,0,3145,GPRC6A
ENSG00000159455.9,0.0880516203810147,0,3146,LCE2B
ENSG00000213215.5,0.0865126970895373,0,3147,OR2F1
ENSG00000169717.7,0.085920041575752,0,3148,ACTRT2
ENSG00000188800.7,0.0855767377329633,0,3149,TMCO2
ENSG00000197483.12,0.0849159923732959,0,3150,ZNF628
ENSG00000221888.4,0.0845204954541757,0,3151,OR1C1
ENSG00000177693.5,0.0841141647377542,0,3152,OR4F4
ENSG00000214285.3,0.0840946846929928,0,3153,NPS
ENSG00000161610.1,0.0824696469046659,1,3154,HCRT
ENSG00000181609.5,0.0823970200036738,0,3155,OR52D1
ENSG00000258873.3,0.0793485571002623,0,3156,DUXA
ENSG00000236637.5,0.0787081361623735,0,3157,IFNA4
ENSG00000204505.5,0.0780859589646788,0,3158,PRAMEF9
ENSG00000253548.1,0.075862922046434,0,3159,PYDC2
ENSG00000185899.1,0.0754985401593416,0,3160,TAS2R60
ENSG00000182187.5,0.0754971491549091,1,3161,CRYGB
ENSG00000136939.1,0.0728080500059793,0,3162,OR1L4
ENSG00000169688.12,0.0722192318530125,0,3163,MT1B
ENSG00000196778.4,0.070613376667297,0,3164,OR52K1
ENSG00000187170.6,0.0706098853644455,0,3165,LCE4A
ENSG00000198704.10,0.0701442156799097,0,3166,GPX6
ENSG00000229972.11,0.0686199760402521,0,3167,IQCF3
ENSG00000215009.6,0.0678161274420034,0,3168,ACSM4
ENSG00000280236.3,0.0676025364167136,0,3169,OR12D2
ENSG00000244057.5,0.0668081839331261,0,3170,LCE3C
ENSG00000204548.4,0.0666237645206015,0,3171,DEFB121
ENSG00000203663.4,0.0661517861467845,0,3172,OR2L2
ENSG00000187969.6,0.0647004250990844,0,3173,ZCCHC13
ENSG00000204928.3,0.0638847420055688,1,3174,GRXCR2
ENSG00000127318.11,0.0633408086512767,0,3175,IL22
ENSG00000240386.4,0.0618843229593363,0,3176,LCE1F
ENSG00000204614.11,0.0565052544945192,0,3177,TRIM40
ENSG00000175485.3,0.0556622512959106,0,3178,OR52W1
ENSG00000176246.1,0.0555993901769565,0,3179,OR4L1
ENSG00000177535.11,0.0555699164264509,0,3180,OR2B11
ENSG00000236398.2,0.0543791076215866,0,3181,TAS2R39
ENSG00000176269.4,0.0542989829913245,0,3182,OR4F21
ENSG00000096395.13,0.0537516398548988,0,3183,MLN
ENSG00000237521.4,0.0530306607951561,0,3184,OR7E24
ENSG00000175398.3,0.0522861360885523,0,3185,OR10P1
ENSG00000181786.6,0.0522721381675415,1,3186,ACTL9
ENSG00000232268.8,0.051075266028373,0,3187,OR52I1
ENSG00000187747.2,0.0506317071672441,0,3188,OR52B6
ENSG00000203923.5,0.0483729322908557,0,3189,SPANXN1
ENSG00000236371.6,0.042356292565783,0,3190,CT47A1
ENSG00000196341.3,0.04158473641014,0,3191,OR8D1
ENSG00000196171.3,0.0412821526136404,0,3192,OR6K2
ENSG00000188784.4,0.0401517209204346,0,3193,PLA2G2E
ENSG00000196240.7,0.0393347615444082,0,3194,OR2T2
ENSG00000229665.8,0.0388540206277839,0,3195,PRR20C
ENSG00000198104.4,0.0375634731497872,0,3196,OR2T6
ENSG00000177476.3,0.0362229149395725,0,3197,OR2G3
ENSG00000187238.5,0.0360678714901245,0,3198,LCE3B
ENSG00000185821.3,0.0358812907554989,0,3199,OR6C76
ENSG00000172208.7,0.0358537141514388,0,3200,OR4X2
ENSG00000140478.17,0.0337701829125375,0,3201,GOLGA6D
ENSG00000203784.3,0.0334160366460451,0,3202,LELP1
ENSG00000248385.8,0.032525839685228,0,3203,TARM1
ENSG00000172365.4,0.0321715900487396,0,3204,OR5B2
ENSG00000105954.2,0.031594674028031,0,3205,NPVF
ENSG00000226023.6,0.0312601087100118,0,3206,CT47A6
ENSG00000184155.8,0.0307268802916643,0,3207,OR10J5
ENSG00000120235.5,0.0290022445309511,0,3208,IFNA6
ENSG00000182346.22,0.028461906072691,0,3209,DAOA
ENSG00000204700.5,0.0280644296880046,0,3210,OR2J2
ENSG00000197532.3,0.0277601244675002,0,3211,OR6Y1
ENSG00000111241.4,0.0260608340548187,0,3212,FGF6
ENSG00000205922.5,0.0251524473850738,0,3213,ONECUT3
ENSG00000214642.1,0.0246592441890144,0,3214,DEFB113
ENSG00000172487.4,0.0224265838700702,0,3215,OR8J1
ENSG00000176230.7,0.0223599977904132,0,3216,OR4K17
ENSG00000176893.6,0.0221399606479279,0,3217,OR51G2
ENSG00000227151.4,0.0213840642730519,0,3218,PRR20D
ENSG00000203970.4,0.0181821132401435,0,3219,DEFB110
ENSG00000127515.3,0.0180604292257243,0,3220,OR7A10
ENSG00000174970.5,0.0179134001802039,0,3221,OR10AG1
ENSG00000181961.5,0.0153967003951838,0,3222,OR4A16
ENSG00000176253.4,0.0143752241324881,0,3223,OR4K13
ENSG00000182070.7,0.0142715175100582,0,3224,OR52A1
ENSG00000205883.3,0.0142287031051968,0,3225,DEFB135
ENSG00000255012.3,0.0141776801324494,0,3226,OR5M1
ENSG00000176782.3,0.0135543935600037,0,3227,DEFB104A
ENSG00000148386.10,0.0134951167469284,0,3228,LCN9
ENSG00000148136.5,0.0126962396681546,0,3229,OR13C4
ENSG00000188324.4,0.0126278346511903,0,3230,OR6C6
ENSG00000197125.3,0.0099496442689351,0,3231,OR8B8
ENSG00000176900.2,0.0091986116319692,0,3232,OR51T1
ENSG00000185926.1,0.0058291981311582,0,3233,OR4C46
