gene,FIS,true_label,rank
ENSG00000205426.11,0.8420753957801016,1,1
ENSG00000125356.9,0.765929644317525,1,2
ENSG00000142798.21,0.7532316993169577,1,3
ENSG00000102241.14,0.7506594633263092,0,4
ENSG00000196998.21,0.7493928259759031,1,5
ENSG00000131174.9,0.7459988307762083,1,6
ENSG00000112339.17,0.7401073583279025,0,7
ENSG00000130826.21,0.7355688461660054,1,8
ENSG00000091490.13,0.7313887501599293,0,9
ENSG00000133131.17,0.7302626633140666,0,10
ENSG00000115365.15,0.7232263569139775,0,11
ENSG00000164741.17,0.7222194818927216,1,12
ENSG00000102181.24,0.7200192684325923,0,13
ENSG00000143756.13,0.7188501994501357,1,14
ENSG00000140297.15,0.7183429117152315,0,15
ENSG00000110324.14,0.718003022959301,1,16
ENSG00000134954.16,0.7156107225812134,1,17
ENSG00000011347.12,0.7064427110361402,0,18
ENSG00000138326.23,0.7050770195225216,1,19
ENSG00000142173.19,0.6981385720881076,1,20
ENSG00000159216.22,0.6979088009634683,1,21
ENSG00000030582.21,0.6976418840274604,1,22
ENSG00000149806.13,0.697538323078895,0,23
ENSG00000169714.19,0.6961733814713483,0,24
ENSG00000180817.14,0.6952878947922825,0,25
ENSG00000143442.25,0.6937317899856419,1,26
ENSG00000137818.14,0.6925626421266742,0,27
ENSG00000056972.22,0.6902884693194046,1,28
ENSG00000163810.13,0.6889519014372607,0,29
ENSG00000171161.15,0.6889178984020234,0,30
ENSG00000135506.19,0.6882372971726903,0,31
ENSG00000111667.16,0.686916659082867,0,32
ENSG00000112245.15,0.6853132755911577,0,33
ENSG00000161016.20,0.685104276093964,0,34
ENSG00000147044.25,0.6840554825975881,1,35
ENSG00000187325.7,0.6839142200591549,0,36
ENSG00000111799.24,0.6831516949346835,1,37
ENSG00000174444.17,0.6823030895628154,0,38
ENSG00000107581.16,0.6820065815297625,0,39
ENSG00000135318.14,0.6789600044641747,1,40
ENSG00000198919.15,0.6777756338869211,0,41
ENSG00000126903.18,0.6766107920030761,0,42
ENSG00000137449.17,0.6766036281927388,0,43
ENSG00000204388.7,0.675833921503275,0,44
ENSG00000168243.13,0.6713961392845461,0,45
ENSG00000132716.21,0.6696326299141874,0,46
ENSG00000169217.11,0.6679091944964628,0,47
ENSG00000006831.12,0.6678337496045378,0,48
ENSG00000128422.20,0.6674363886496474,1,49
ENSG00000173473.13,0.6674227882707872,1,50
ENSG00000106333.15,0.6660985679072932,0,51
ENSG00000162909.20,0.6660758795180174,0,52
ENSG00000157600.15,0.6654620919929783,0,53
ENSG00000140564.15,0.6653253560090312,0,54
ENSG00000157637.15,0.6652129951860394,0,55
ENSG00000116521.14,0.6651593318797916,0,56
ENSG00000124151.21,0.663669794824779,1,57
ENSG00000174903.18,0.6626275020679999,0,58
ENSG00000154342.8,0.6624571747684963,0,59
ENSG00000116685.19,0.6621091487554213,0,60
ENSG00000175445.19,0.6614515457859759,1,61
ENSG00000157933.13,0.6612772240753596,1,62
ENSG00000134909.19,0.6612263736408321,1,63
ENSG00000116661.13,0.6607993371424562,0,64
ENSG00000028137.21,0.6597058154633815,0,65
ENSG00000165168.11,0.658697581333559,1,66
ENSG00000128052.12,0.6573573570672603,1,67
ENSG00000137509.14,0.6573175442229391,0,68
ENSG00000198586.16,0.6569990279024941,0,69
ENSG00000047315.18,0.656635583802585,0,70
ENSG00000100234.14,0.6563871091138483,1,71
ENSG00000005513.12,0.6557677977423334,0,72
ENSG00000150051.16,0.6552152369456917,0,73
ENSG00000139219.21,0.6545587793499695,1,74
ENSG00000175215.12,0.6537386239274853,0,75
ENSG00000169926.13,0.6535316814677296,0,76
ENSG00000185753.15,0.6532572766910042,0,77
ENSG00000088832.20,0.6522292910766486,0,78
ENSG00000141027.25,0.6519987832563845,0,79
ENSG00000148672.12,0.6519002658756002,1,80
ENSG00000198561.18,0.6518956801063954,1,81
ENSG00000152049.7,0.6510906147623642,0,82
ENSG00000091831.27,0.6484871135489673,1,83
ENSG00000115520.11,0.6481426228109417,0,84
ENSG00000176083.20,0.6471817896265404,0,85
ENSG00000169604.23,0.6458089409960777,1,86
ENSG00000113494.19,0.6454446947022764,1,87
ENSG00000154262.15,0.6440364999507842,0,88
ENSG00000173267.16,0.642890644896379,0,89
ENSG00000076924.14,0.6423526233229692,0,90
ENSG00000144228.12,0.6420195012156923,0,91
ENSG00000007933.15,0.6416274642224454,1,92
ENSG00000146674.18,0.6416215983478275,0,93
ENSG00000171885.20,0.6404964750875501,1,94
ENSG00000143761.19,0.6403289721848876,1,95
ENSG00000139832.7,0.6400605188374043,0,96
ENSG00000124789.14,0.6399745840190492,0,97
ENSG00000052749.16,0.6397962189737708,1,98
ENSG00000185010.16,0.6395272619220329,1,99
ENSG00000029363.19,0.638642338968057,1,100
ENSG00000187243.19,0.6384084676841479,0,101
ENSG00000150687.14,0.638241366851945,0,102
ENSG00000130830.17,0.638104617195323,0,103
ENSG00000173372.20,0.637762435934686,1,104
ENSG00000198846.8,0.6374068238044716,0,105
ENSG00000125931.13,0.6368999199064956,0,106
ENSG00000151348.18,0.6366893985162432,1,107
ENSG00000013563.16,0.6364689784545249,1,108
ENSG00000077721.19,0.6363150237717413,1,109
ENSG00000149428.23,0.6360386453303396,1,110
ENSG00000162344.6,0.6359689027432845,0,111
ENSG00000161638.13,0.6358371832712092,0,112
ENSG00000189067.17,0.6355811147356486,1,113
ENSG00000111875.10,0.635303890434968,0,114
ENSG00000103316.14,0.634753139927224,0,115
ENSG00000105974.15,0.6345217658303623,1,116
ENSG00000155366.19,0.6342359098273782,0,117
ENSG00000038427.17,0.6341443385565282,1,118
ENSG00000141456.18,0.6339958362326907,0,119
ENSG00000116688.20,0.6336807070910427,1,120
ENSG00000054356.16,0.6335360090038183,0,121
ENSG00000158545.18,0.6332889798663591,0,122
ENSG00000112306.10,0.6331593968474531,0,123
ENSG00000174099.14,0.6331056245796907,1,124
ENSG00000026297.19,0.6329540096247913,1,125
ENSG00000198668.16,0.6325468563222018,1,126
ENSG00000169188.7,0.6324074347473059,0,127
ENSG00000107862.9,0.6318322292003343,1,128
ENSG00000004948.17,0.6313272832430221,0,129
ENSG00000004961.17,0.6308107275483623,1,130
ENSG00000153395.13,0.6295798345680855,0,131
ENSG00000100219.19,0.6291315121861758,0,132
ENSG00000122515.18,0.6289087588501084,0,133
ENSG00000165966.17,0.6283381560967617,0,134
ENSG00000129250.14,0.6275046089402002,1,135
ENSG00000144028.17,0.626960884120146,1,136
ENSG00000185565.15,0.626630685295756,0,137
ENSG00000102265.14,0.6266172333193016,0,138
ENSG00000114867.24,0.6265020265756354,0,139
ENSG00000006607.16,0.6264928011995959,0,140
ENSG00000180730.6,0.6264661489879555,0,141
ENSG00000108465.17,0.626412928278842,0,142
ENSG00000068438.17,0.6263228899107931,1,143
ENSG00000104221.15,0.6261203641304233,0,144
ENSG00000182534.15,0.6260433065073739,0,145
ENSG00000106211.12,0.6258129594118855,1,146
ENSG00000099797.17,0.62517521310585,0,147
ENSG00000181019.14,0.6250664849392084,0,148
ENSG00000147010.21,0.6249343196694462,0,149
ENSG00000055208.22,0.6248649325104777,1,150
ENSG00000118680.16,0.624594296575001,0,151
ENSG00000101335.12,0.6244686871297298,0,152
ENSG00000092199.21,0.6244513749008767,1,153
ENSG00000165959.14,0.6236102705406377,0,154
ENSG00000047597.8,0.6235227417790593,1,155
ENSG00000135932.14,0.6233062292809919,0,156
ENSG00000140416.28,0.6231397375440597,1,157
ENSG00000102287.20,0.6230035668883712,1,158
ENSG00000110344.12,0.6226773599770409,1,159
ENSG00000075624.19,0.6221867491665513,1,160
ENSG00000137878.18,0.6220956051264003,1,161
ENSG00000174080.14,0.621193767205003,1,162
ENSG00000168522.15,0.6211653348889435,1,163
ENSG00000171867.20,0.6209743534494797,1,164
ENSG00000160213.12,0.6204875679001448,1,165
ENSG00000060237.21,0.6198356307502925,1,166
ENSG00000198814.16,0.6197761593512481,1,167
ENSG00000078596.13,0.6191607171687724,0,168
ENSG00000107651.17,0.6189409803988118,0,169
ENSG00000065150.23,0.6188922941970106,0,170
ENSG00000157500.14,0.6182859028299361,1,171
ENSG00000111906.20,0.6182073571763117,0,172
ENSG00000167522.19,0.6180699186709883,1,173
ENSG00000169738.10,0.6177895595234748,1,174
ENSG00000036257.16,0.6174013026746431,1,175
ENSG00000135439.14,0.6173331809559964,0,176
ENSG00000112365.8,0.6167711843121043,1,177
ENSG00000107957.18,0.6165447354428933,0,178
ENSG00000123595.10,0.6159586408165874,0,179
ENSG00000114861.26,0.6152242132039208,1,180
ENSG00000162923.18,0.6150989824696691,1,181
ENSG00000125520.16,0.6150057416789924,0,182
ENSG00000127022.18,0.6145281183434723,0,183
ENSG00000115993.15,0.6143562687820171,0,184
ENSG00000135452.12,0.6143464299349167,0,185
ENSG00000123352.20,0.6141768053149659,0,186
ENSG00000196072.14,0.6141047518512646,0,187
ENSG00000132639.17,0.6139970495226306,1,188
ENSG00000168066.24,0.6136258769140946,0,189
ENSG00000086848.17,0.6130749726354993,1,190
ENSG00000163697.20,0.6128060995440031,0,191
ENSG00000115112.10,0.612207164906359,0,192
ENSG00000109756.12,0.6120692424708755,0,193
ENSG00000270647.9,0.6115408873762407,0,194
ENSG00000138079.16,0.6113337607145098,1,195
ENSG00000169991.12,0.6103047866434173,0,196
ENSG00000084774.16,0.6099268877139322,1,197
ENSG00000082196.23,0.6096506220566602,0,198
ENSG00000131668.15,0.609431533841378,0,199
ENSG00000116288.15,0.6093208620587963,1,200
ENSG00000185728.19,0.6091912482453075,0,201
ENSG00000125675.22,0.6085220486677684,1,202
ENSG00000065802.14,0.607662611337029,0,203
ENSG00000115085.18,0.6074220030015117,1,204
ENSG00000182899.19,0.6071102589478766,1,205
ENSG00000165929.15,0.6070968576998773,0,206
ENSG00000120063.12,0.6070111057091453,0,207
ENSG00000176105.16,0.6065669046850242,0,208
ENSG00000138080.16,0.6064713841515718,1,209
ENSG00000180818.6,0.6064279235784339,0,210
ENSG00000059728.13,0.6063336869788503,0,211
ENSG00000164398.17,0.6051921391170968,0,212
ENSG00000102144.17,0.6050748616155853,1,213
ENSG00000163481.10,0.604999523306642,0,214
ENSG00000151239.16,0.6047019285925351,0,215
ENSG00000175426.13,0.6045366485595808,0,216
ENSG00000105647.22,0.6043487170093053,1,217
ENSG00000101198.16,0.6042841626879606,0,218
ENSG00000135926.17,0.6041815442385118,0,219
ENSG00000035862.15,0.6039258341946371,0,220
ENSG00000104067.19,0.6037192904912885,0,221
ENSG00000013583.12,0.6036559150740625,0,222
ENSG00000137414.9,0.6026314137646808,0,223
ENSG00000204262.16,0.602381508829679,1,224
ENSG00000100902.13,0.6023337170330759,0,225
ENSG00000001630.20,0.6023044531160501,0,226
ENSG00000115414.23,0.6017237299071899,1,227
ENSG00000126777.20,0.6015162032894853,0,228
ENSG00000078098.17,0.6014628417496547,0,229
ENSG00000120833.16,0.6009765510732668,0,230
ENSG00000168899.7,0.6009179796112097,0,231
ENSG00000118482.14,0.6006739453838903,1,232
ENSG00000162736.20,0.6004819139845742,1,233
ENSG00000113916.19,0.6003562055730209,0,234
ENSG00000103507.16,0.6001505513363065,1,235
ENSG00000174238.17,0.6000021269564815,0,236
ENSG00000079246.18,0.5999965564076261,0,237
ENSG00000105699.19,0.5999291445320937,0,238
ENSG00000211445.14,0.5998467130938304,0,239
ENSG00000184983.13,0.5998340313763343,1,240
ENSG00000134258.20,0.5994437908858186,0,241
ENSG00000103160.14,0.5988546231878519,0,242
ENSG00000170807.13,0.598530562797003,1,243
ENSG00000067182.11,0.5984416027367471,1,244
ENSG00000079432.11,0.5983721269135128,1,245
ENSG00000012061.19,0.5979221295410552,1,246
ENSG00000103657.15,0.5978025257300973,1,247
ENSG00000155962.15,0.5969180424849011,0,248
ENSG00000109180.17,0.5967466869664101,0,249
ENSG00000069956.16,0.5965449125598683,0,250
ENSG00000156521.16,0.596386330334469,0,251
ENSG00000180828.3,0.5960763658356955,1,252
ENSG00000181192.14,0.5959779536577088,1,253
ENSG00000071859.17,0.5955997581312954,0,254
ENSG00000102100.18,0.5952895314265234,1,255
ENSG00000158470.7,0.5952345381038561,0,256
ENSG00000167186.13,0.5944325050378766,1,257
ENSG00000136485.16,0.5941761467064831,0,258
ENSG00000198203.12,0.5941390585408558,0,259
ENSG00000149100.15,0.5941048570539768,0,260
ENSG00000171004.19,0.5940224492728459,1,261
ENSG00000163618.20,0.5935361535536959,0,262
ENSG00000166145.17,0.5935021790404283,0,263
ENSG00000154162.17,0.5932723006440526,0,264
ENSG00000108666.13,0.592815469836199,0,265
ENSG00000136381.15,0.5917047516561506,0,266
ENSG00000171552.16,0.5914867291608864,0,267
ENSG00000163762.9,0.5913869216097091,0,268
ENSG00000103512.18,0.591288587152943,0,269
ENSG00000071909.20,0.5912359034765197,0,270
ENSG00000004534.17,0.5911376681126139,0,271
ENSG00000003756.19,0.5911152627025725,0,272
ENSG00000138073.16,0.5909159355518444,0,273
ENSG00000158552.15,0.5908650778308001,0,274
ENSG00000096696.18,0.5903822803465504,1,275
ENSG00000144218.22,0.5902267732022018,1,276
ENSG00000178789.11,0.5901611196086519,0,277
ENSG00000167118.13,0.5901341556031588,0,278
ENSG00000085563.17,0.5900539548216014,1,279
ENSG00000140391.16,0.5900342166935575,0,280
ENSG00000065882.20,0.5899990437589583,0,281
ENSG00000150779.13,0.5899037911371199,0,282
ENSG00000107438.11,0.5895657331610784,0,283
ENSG00000115840.16,0.5894708467084039,1,284
ENSG00000198646.16,0.589324996037072,0,285
ENSG00000117069.17,0.5888156747792722,1,286
ENSG00000106460.22,0.5888032797825443,1,287
ENSG00000169554.25,0.5887148928071296,1,288
ENSG00000102316.19,0.5884764602748903,1,289
ENSG00000124145.8,0.5880160313863078,0,290
ENSG00000168685.17,0.588014286379333,1,291
ENSG00000196693.17,0.5872104203584152,0,292
ENSG00000164050.15,0.5871764016515294,0,293
ENSG00000123106.13,0.5865665009011024,0,294
ENSG00000096401.10,0.5863582513931026,0,295
ENSG00000138078.18,0.5862787314138825,1,296
ENSG00000148541.15,0.5862183703279933,0,297
ENSG00000067798.17,0.5862051354946618,1,298
ENSG00000121769.10,0.5859804332105564,0,299
ENSG00000164530.17,0.5858163650937916,0,300
ENSG00000168306.15,0.5855567998466986,1,301
ENSG00000164754.18,0.5854151335772074,1,302
ENSG00000151655.21,0.5852222999087918,0,303
ENSG00000146433.13,0.5848368889742713,0,304
ENSG00000163528.15,0.5844867643861172,1,305
ENSG00000157214.16,0.5840292983804213,0,306
ENSG00000132780.19,0.5838946595906892,0,307
ENSG00000132323.11,0.5832209974178825,0,308
ENSG00000133687.18,0.583216372384785,0,309
ENSG00000183166.13,0.5831453906436014,0,310
ENSG00000163516.16,0.5830746865382451,0,311
ENSG00000112782.20,0.5830547813224016,1,312
ENSG00000188690.18,0.5826398165320646,1,313
ENSG00000165609.16,0.5826060678163302,0,314
ENSG00000009335.21,0.5825760052304113,1,315
ENSG00000120992.20,0.5825310600914734,0,316
ENSG00000172046.22,0.5825049702608976,1,317
ENSG00000125730.20,0.5821751394029588,1,318
ENSG00000167419.13,0.582074967668938,1,319
ENSG00000102409.12,0.5817371563273731,0,320
ENSG00000112319.23,0.581398883969369,1,321
ENSG00000108061.15,0.581388991757137,1,322
ENSG00000186532.14,0.5813243782251759,0,323
ENSG00000181163.16,0.5810913848046577,1,324
ENSG00000088448.16,0.5809242228465948,0,325
ENSG00000142657.23,0.5809150063721306,0,326
ENSG00000154473.20,0.5808697613087955,0,327
ENSG00000005302.20,0.5805107867040135,1,328
ENSG00000169083.19,0.5801795286040313,1,329
ENSG00000186591.15,0.5801484886300828,1,330
ENSG00000187531.16,0.5799495850006747,0,331
ENSG00000054267.24,0.5798693259940966,0,332
ENSG00000197170.12,0.5797666385536274,1,333
ENSG00000101986.14,0.5797234714513391,1,334
ENSG00000172531.18,0.5794828590188953,0,335
ENSG00000167996.18,0.5790686539109726,1,336
ENSG00000110090.15,0.5785552365627903,1,337
ENSG00000139644.15,0.5783901269556434,0,338
ENSG00000151458.14,0.5783765816580745,0,339
ENSG00000242485.8,0.5782892058602501,0,340
ENSG00000143772.13,0.5781251434726918,0,341
ENSG00000137875.4,0.578008444813201,0,342
ENSG00000131368.11,0.5778020140786465,1,343
ENSG00000127481.16,0.5774555645834124,0,344
ENSG00000143384.15,0.5774183200490635,0,345
ENSG00000170465.10,0.5769525334730959,1,346
ENSG00000120686.14,0.5768216869605007,1,347
ENSG00000143502.18,0.5766746436127352,0,348
ENSG00000112936.23,0.5765884928209148,1,349
ENSG00000163703.22,0.5765099713677895,1,350
ENSG00000103249.21,0.5764090502887417,1,351
ENSG00000172943.23,0.5760695634717159,1,352
ENSG00000140262.20,0.5760345658659843,1,353
ENSG00000102359.9,0.5755734102467873,1,354
ENSG00000110046.16,0.5752076692582928,0,355
ENSG00000181418.8,0.5751525604309068,0,356
ENSG00000169744.15,0.5749289516217769,0,357
ENSG00000225921.9,0.5742627644145659,0,358
ENSG00000140379.10,0.5742410758249904,0,359
ENSG00000203485.16,0.5739618603626587,1,360
ENSG00000183723.14,0.5739497794012448,0,361
ENSG00000184831.16,0.57383610790018,1,362
ENSG00000163374.23,0.57347640096866,1,363
ENSG00000166140.18,0.573394594449372,1,364
ENSG00000131462.11,0.5732188043673588,1,365
ENSG00000145214.16,0.5729870110641534,0,366
ENSG00000138061.15,0.5725523314988886,1,367
ENSG00000165995.25,0.5723872059701078,1,368
ENSG00000114744.11,0.5723870730800281,0,369
ENSG00000129675.18,0.5723050962094293,0,370
ENSG00000068697.9,0.5718520522630389,0,371
ENSG00000148634.18,0.5716400350501473,0,372
ENSG00000185201.19,0.5715945484718693,0,373
ENSG00000070770.12,0.5713819521806359,0,374
ENSG00000241343.12,0.5712457823195773,0,375
ENSG00000165283.18,0.5710995366934487,0,376
ENSG00000164574.18,0.5710718906533065,0,377
ENSG00000135776.7,0.5707560118454255,0,378
ENSG00000168883.22,0.5707423269513908,0,379
ENSG00000108963.20,0.5706876505675459,1,380
ENSG00000103064.17,0.5706100495414633,0,381
ENSG00000101945.19,0.5705581763003296,0,382
ENSG00000177674.18,0.5705223097933035,0,383
ENSG00000116574.7,0.5705161081781951,0,384
ENSG00000237763.12,0.5704354306429252,0,385
ENSG00000152818.21,0.5702036900485448,0,386
ENSG00000197565.19,0.5700024135287786,0,387
ENSG00000118873.19,0.5699603985384409,1,388
ENSG00000068745.17,0.5698559495939056,0,389
ENSG00000164308.20,0.5697701053283293,0,390
ENSG00000147606.11,0.5696168916319904,1,391
ENSG00000185028.5,0.5693342444437614,0,392
ENSG00000106049.11,0.5693099942733929,0,393
ENSG00000145491.14,0.5690992021520379,0,394
ENSG00000127418.17,0.5690911263699596,0,395
ENSG00000152578.17,0.5689872409643802,1,396
ENSG00000106069.28,0.5688660571573108,0,397
ENSG00000180287.18,0.5685761713987506,0,398
ENSG00000134077.18,0.568284434065812,0,399
ENSG00000162733.21,0.5682492774344426,1,400
ENSG00000172273.15,0.5676973581979506,0,401
ENSG00000184613.13,0.5675872576646636,0,402
ENSG00000124313.20,0.5673545373832493,1,403
ENSG00000183475.15,0.5672560641529272,0,404
ENSG00000078018.24,0.5672182384218202,0,405
ENSG00000111726.15,0.5671741432620311,0,406
ENSG00000161544.11,0.5670554821812238,0,407
ENSG00000062038.17,0.567001049294397,1,408
ENSG00000182379.11,0.5667173555411408,0,409
ENSG00000150681.11,0.5666871880410019,0,410
ENSG00000100599.18,0.5666183152640595,0,411
ENSG00000023445.19,0.5664396253508046,0,412
ENSG00000079950.16,0.5664338196135495,0,413
ENSG00000072310.20,0.5663419336938137,1,414
ENSG00000136942.17,0.5662392363776559,1,415
ENSG00000135392.21,0.5659291117590467,0,416
ENSG00000132975.10,0.5659018241539696,0,417
ENSG00000179918.19,0.5657811347000998,0,418
ENSG00000221823.12,0.565580466862121,0,419
ENSG00000103479.19,0.5655610134406239,1,420
ENSG00000142937.14,0.5655597929249937,0,421
ENSG00000015285.14,0.5655556997927752,1,422
ENSG00000112234.11,0.5655456920926006,1,423
ENSG00000023516.11,0.5652781020360819,0,424
ENSG00000089053.15,0.5651993742855596,0,425
ENSG00000160307.12,0.5650255148918378,0,426
ENSG00000108592.19,0.5649160107893827,0,427
ENSG00000123200.19,0.5648462947949103,0,428
ENSG00000090539.18,0.5646911200987684,0,429
ENSG00000130402.16,0.5645507384109467,1,430
ENSG00000016402.16,0.5645371362468535,0,431
ENSG00000025434.21,0.5644512632321744,1,432
ENSG00000112769.22,0.5643703145363542,0,433
ENSG00000135341.21,0.5642717435279948,1,434
ENSG00000090776.8,0.5641302904708777,1,435
ENSG00000134575.15,0.5640816626608233,0,436
ENSG00000140836.18,0.5639370339558402,1,437
ENSG00000124429.20,0.5638070868879689,0,438
ENSG00000143776.22,0.56333826615817,0,439
ENSG00000162645.15,0.562968243446606,0,440
ENSG00000120694.22,0.5628541031230481,0,441
ENSG00000107281.12,0.5621984175011988,0,442
ENSG00000198961.13,0.5618272692611539,0,443
ENSG00000165125.23,0.5617901226546592,1,444
ENSG00000134108.16,0.5615484290799476,0,445
ENSG00000148308.20,0.5613467120330687,0,446
ENSG00000175193.16,0.5611496216452628,0,447
ENSG00000001461.21,0.5609832593747788,0,448
ENSG00000102531.18,0.5609411696516761,0,449
ENSG00000070718.15,0.560906124519161,0,450
ENSG00000071054.19,0.5608672782587094,1,451
ENSG00000100300.20,0.560768532293182,0,452
ENSG00000137673.11,0.5607446917621831,0,453
ENSG00000180921.9,0.5606190181769898,1,454
ENSG00000213741.13,0.5605244898123884,1,455
ENSG00000079482.16,0.5601123931553221,1,456
ENSG00000162444.14,0.5600890043888218,0,457
ENSG00000165383.13,0.5600550634697421,0,458
ENSG00000123500.11,0.559946871671088,1,459
ENSG00000105854.15,0.559809318483269,0,460
ENSG00000164587.15,0.5597539430796522,0,461
ENSG00000095596.13,0.5597329994570955,0,462
ENSG00000135930.17,0.5594279072142915,0,463
ENSG00000139372.16,0.5590591756564091,0,464
ENSG00000167770.15,0.5590485567336728,0,465
ENSG00000119820.13,0.5588727065740104,0,466
ENSG00000077235.20,0.5580067214988017,0,467
ENSG00000165704.17,0.5577447519897513,1,468
ENSG00000224470.11,0.5575910558230385,0,469
ENSG00000127129.12,0.5566759014713133,0,470
ENSG00000127995.19,0.556536666937106,0,471
ENSG00000168702.19,0.5565338839076595,0,472
ENSG00000160182.4,0.5561098740813231,0,473
ENSG00000139263.14,0.5557036142873033,0,474
ENSG00000169957.11,0.5555610806200905,0,475
ENSG00000170835.17,0.5555370526494395,1,476
ENSG00000167815.14,0.5553967521504568,0,477
ENSG00000173641.20,0.5552847317407558,0,478
ENSG00000181513.17,0.5550306811480173,0,479
ENSG00000114450.13,0.5548197335415449,1,480
ENSG00000172954.16,0.554803976630131,0,481
ENSG00000188419.16,0.5547705983775936,1,482
ENSG00000171451.17,0.5546906137137376,0,483
ENSG00000103266.13,0.5546632393034329,1,484
ENSG00000135316.21,0.5541367732065847,1,485
ENSG00000123989.17,0.5539671997328602,0,486
ENSG00000180964.19,0.5538083362702758,0,487
ENSG00000111911.9,0.5538018183079482,0,488
ENSG00000197217.15,0.5533194207366533,0,489
ENSG00000089050.18,0.5532946924208005,0,490
ENSG00000073464.15,0.5531796834805603,1,491
ENSG00000153207.18,0.553106323045704,0,492
ENSG00000108582.14,0.5529822317617936,0,493
ENSG00000115268.12,0.5528959435022928,0,494
ENSG00000180104.18,0.5528679230335692,0,495
ENSG00000115216.16,0.5517716352202449,0,496
ENSG00000116670.19,0.5513484630631782,1,497
ENSG00000013297.14,0.5512524662377473,1,498
ENSG00000162928.11,0.5509913998921493,1,499
ENSG00000132432.16,0.5505804539689768,0,500
ENSG00000123405.16,0.5505747820575905,0,501
ENSG00000243279.6,0.5505171178014853,0,502
ENSG00000197181.14,0.5502404382818289,0,503
ENSG00000110060.11,0.5502277468163707,1,504
ENSG00000090889.14,0.5501721059905897,1,505
ENSG00000177854.10,0.5501512143019225,0,506
ENSG00000104853.18,0.5499987862625138,0,507
ENSG00000114353.19,0.5498742066184595,1,508
ENSG00000143322.22,0.5497067653216375,0,509
ENSG00000126858.21,0.5495565770005896,0,510
ENSG00000165215.6,0.5494866230966834,0,511
ENSG00000010810.20,0.5493389099007381,1,512
ENSG00000106299.10,0.5493209114014594,0,513
ENSG00000178982.12,0.549055086739492,0,514
ENSG00000120805.16,0.54888502861876,0,515
ENSG00000198157.13,0.5488620332684478,0,516
ENSG00000174807.4,0.5480238130464535,0,517
ENSG00000077232.21,0.5479017796929256,0,518
ENSG00000070915.12,0.5478930410537277,1,519
ENSG00000110237.7,0.5477648165802398,0,520
ENSG00000255072.3,0.547491638001152,1,521
ENSG00000013016.18,0.5474811200697085,0,522
ENSG00000151702.20,0.5474162723523432,1,523
ENSG00000072134.18,0.5473761595844305,0,524
ENSG00000179912.23,0.5473755698794859,0,525
ENSG00000100503.29,0.547364246968237,1,526
ENSG00000120725.15,0.5473193815080485,1,527
ENSG00000154889.19,0.5470049550272812,0,528
ENSG00000160216.22,0.5466143548266995,1,529
ENSG00000182704.10,0.5465233704892681,0,530
ENSG00000198363.20,0.5464168548767357,1,531
ENSG00000169299.16,0.5461379705349478,0,532
ENSG00000257727.8,0.5459875829668414,0,533
ENSG00000025770.21,0.5459503767878165,0,534
ENSG00000179262.12,0.5457839610202077,0,535
ENSG00000156976.19,0.5457429979057896,1,536
ENSG00000171940.15,0.5456998091033038,0,537
ENSG00000130208.12,0.5455032502558478,0,538
ENSG00000131375.12,0.5454410762023648,0,539
ENSG00000268916.8,0.5454213453905669,0,540
ENSG00000088881.23,0.5452394387169944,0,541
ENSG00000129003.20,0.5451206702986621,1,542
ENSG00000080822.19,0.5451077702533879,0,543
ENSG00000168101.17,0.5450859130531621,0,544
ENSG00000131269.21,0.5449457271270944,1,545
ENSG00000108669.20,0.544827012939109,0,546
ENSG00000109971.16,0.5447989992407966,0,547
ENSG00000241553.15,0.5446146261692316,0,548
ENSG00000108588.17,0.5445771528014647,1,549
ENSG00000108406.12,0.5445306437921702,0,550
ENSG00000163939.21,0.5444334214571301,1,551
ENSG00000198700.12,0.5443268200966677,0,552
ENSG00000171863.17,0.5443077673117444,1,553
ENSG00000186187.14,0.5441531372112733,0,554
ENSG00000116251.13,0.5441370213515729,0,555
ENSG00000084754.14,0.5439720688784989,1,556
ENSG00000138796.20,0.5436373781743259,1,557
ENSG00000162813.20,0.54330657527364,1,558
ENSG00000107105.17,0.5432851805686777,0,559
ENSG00000170873.21,0.5431349645882176,0,560
ENSG00000182670.15,0.5430838851444628,0,561
ENSG00000085831.18,0.5423424008047739,0,562
ENSG00000171467.18,0.5423107456339119,0,563
ENSG00000119335.20,0.5421240917442588,1,564
ENSG00000116649.12,0.5420964657896286,0,565
ENSG00000178719.19,0.5420890967412925,0,566
ENSG00000099875.18,0.5420203500082152,0,567
ENSG00000136754.20,0.5419893260696788,0,568
ENSG00000083520.17,0.5419210340841296,0,569
ENSG00000136153.23,0.5419094444116407,0,570
ENSG00000121351.9,0.5418456256633397,0,571
ENSG00000211456.16,0.5414372229837897,0,572
ENSG00000023697.15,0.5413315722310076,0,573
ENSG00000163631.21,0.5410308271945743,1,574
ENSG00000133030.24,0.5410224137639174,0,575
ENSG00000102882.14,0.541018332031235,0,576
ENSG00000090097.24,0.5409793977959764,0,577
ENSG00000123496.10,0.5409706620134297,0,578
ENSG00000174282.14,0.5409641109039836,0,579
ENSG00000135750.17,0.5407930998277551,0,580
ENSG00000017260.22,0.5406765429369704,1,581
ENSG00000116824.7,0.540487416349528,0,582
ENSG00000141480.20,0.5404315664743928,0,583
ENSG00000115234.13,0.5404268866517826,0,584
ENSG00000175213.5,0.540393405447305,1,585
ENSG00000057608.20,0.5401309470336683,0,586
ENSG00000159167.13,0.5399108232947977,0,587
ENSG00000126351.15,0.5398370738046713,1,588
ENSG00000138030.16,0.5397313581894467,1,589
ENSG00000164161.12,0.5396351751551103,0,590
ENSG00000124249.8,0.5396336845629178,0,591
ENSG00000175352.13,0.5391067378377303,0,592
ENSG00000170044.9,0.5390773257380276,0,593
ENSG00000124614.19,0.5389864067634728,1,594
ENSG00000114771.16,0.5389828823369182,0,595
ENSG00000114737.18,0.538942423250307,0,596
ENSG00000083799.20,0.5384086131579394,1,597
ENSG00000162804.17,0.5382627048786303,0,598
ENSG00000101871.19,0.5382280192779793,1,599
ENSG00000249992.2,0.5380490562639414,0,600
ENSG00000171227.9,0.5378903367638627,0,601
ENSG00000082641.18,0.5376335933896249,0,602
ENSG00000139278.11,0.5375371878628465,0,603
ENSG00000138777.22,0.5375291034391502,1,604
ENSG00000171094.19,0.5374968412895273,1,605
ENSG00000168002.14,0.5371484926283633,0,606
ENSG00000028528.17,0.5369077802029089,0,607
ENSG00000166340.20,0.5368654662574815,1,608
ENSG00000101197.14,0.5365997765705312,0,609
ENSG00000160799.15,0.5365217475397753,0,610
ENSG00000167508.14,0.5360503950687502,1,611
ENSG00000154814.16,0.5358010304027063,0,612
ENSG00000184922.17,0.535664301387063,0,613
ENSG00000204217.17,0.5356470977876374,1,614
ENSG00000179526.19,0.5355741633972316,1,615
ENSG00000158578.23,0.5355563844425336,1,616
ENSG00000164619.11,0.5355181305519666,1,617
ENSG00000168701.20,0.5354712643844959,0,618
ENSG00000135638.16,0.5353774289242189,0,619
ENSG00000169223.18,0.5353257035644383,0,620
ENSG00000173821.21,0.535209661156197,1,621
ENSG00000171055.17,0.5349958622262402,0,622
ENSG00000175354.22,0.5349063344655198,0,623
ENSG00000015676.20,0.534894274905294,0,624
ENSG00000167468.21,0.5348258523370123,1,625
ENSG00000147912.15,0.5347258659275905,0,626
ENSG00000150760.15,0.5345755976057958,0,627
ENSG00000188994.16,0.5345347749312285,1,628
ENSG00000183569.20,0.5342663036340912,0,629
ENSG00000049656.16,0.5342098835941355,0,630
ENSG00000108389.12,0.5342015099878547,0,631
ENSG00000175115.14,0.5340879595112219,1,632
ENSG00000197471.14,0.5340786113537942,0,633
ENSG00000125780.13,0.5339700204757561,1,634
ENSG00000054118.17,0.5339675166709958,0,635
ENSG00000141098.15,0.533860866906577,0,636
ENSG00000150401.17,0.5336926973652734,0,637
ENSG00000186868.20,0.533426665996279,1,638
ENSG00000035928.19,0.5332670962585251,1,639
ENSG00000166188.5,0.5330666185513702,0,640
ENSG00000173890.19,0.5329955790503028,0,641
ENSG00000123191.20,0.5329279621471809,1,642
ENSG00000204977.12,0.5325855997311068,0,643
ENSG00000100410.10,0.5325489865666013,1,644
ENSG00000136643.14,0.532202052949318,1,645
ENSG00000123358.22,0.5318786135976116,0,646
ENSG00000169508.9,0.5317955305667439,0,647
ENSG00000178127.15,0.5317016554822888,1,648
ENSG00000014919.15,0.5316827418235498,1,649
ENSG00000063046.20,0.5316826658090322,0,650
ENSG00000156414.22,0.5314930562578088,1,651
ENSG00000075945.14,0.5314624830707212,0,652
ENSG00000086504.20,0.5314075773643715,0,653
ENSG00000156990.16,0.5313774009820205,0,654
ENSG00000135503.15,0.5313362798422885,1,655
ENSG00000106511.8,0.5310564251697556,0,656
ENSG00000136371.13,0.5309628118726365,1,657
ENSG00000109118.16,0.530756829859487,0,658
ENSG00000144802.12,0.5307453681631763,0,659
ENSG00000186998.18,0.5304476390397765,0,660
ENSG00000162511.10,0.5303257816128437,0,661
ENSG00000175334.10,0.5303199234578594,0,662
ENSG00000162817.8,0.5302578850908892,0,663
ENSG00000102595.24,0.5302570376362322,0,664
ENSG00000100297.18,0.5302272330739249,1,665
ENSG00000144550.16,0.5302079303546554,0,666
ENSG00000163584.20,0.5301225494133107,0,667
ENSG00000114120.16,0.5299104840901939,1,668
ENSG00000162341.20,0.52988383171878,0,669
ENSG00000069974.19,0.529864125620691,1,670
ENSG00000162441.14,0.5297270894980977,0,671
ENSG00000166946.16,0.5295660644698261,0,672
ENSG00000162959.16,0.5295265449774654,0,673
ENSG00000185905.6,0.5294760762318357,0,674
ENSG00000255690.3,0.5294726206954773,0,675
ENSG00000130811.14,0.5294723541496792,0,676
ENSG00000157064.13,0.5294471219206374,0,677
ENSG00000167723.16,0.5293596005944462,1,678
ENSG00000167470.16,0.5291861927261042,0,679
ENSG00000101182.17,0.5285498147489492,0,680
ENSG00000133226.21,0.5285171575418416,0,681
ENSG00000028839.11,0.5283723159877698,0,682
ENSG00000073792.18,0.5283593532396645,0,683
ENSG00000176532.6,0.5276069141849428,0,684
ENSG00000155660.13,0.5274936436389218,0,685
ENSG00000137177.21,0.5273843694923661,0,686
ENSG00000164163.13,0.527173623581946,0,687
ENSG00000135406.16,0.5270163262317339,0,688
ENSG00000181827.18,0.5270134973190226,1,689
ENSG00000185352.11,0.5268823014907185,0,690
ENSG00000167173.21,0.526759107822777,0,691
ENSG00000120708.18,0.5265592370670297,1,692
ENSG00000172638.15,0.526539257897089,1,693
ENSG00000067560.16,0.5265328406322827,1,694
ENSG00000105329.13,0.5264310288175243,1,695
ENSG00000079459.16,0.5263071153441091,0,696
ENSG00000157978.15,0.5260919199030013,1,697
ENSG00000065154.14,0.5257591775657882,1,698
ENSG00000136883.18,0.5254351951722086,1,699
ENSG00000127837.12,0.5253514269536159,0,700
ENSG00000088325.18,0.5250947567169488,0,701
ENSG00000150457.11,0.5247746909678418,0,702
ENSG00000112964.16,0.5247150905258052,1,703
ENSG00000114631.13,0.524651503819449,0,704
ENSG00000185624.18,0.5243269870300242,1,705
ENSG00000109684.17,0.5243243826461695,0,706
ENSG00000198252.14,0.5242049770178568,0,707
ENSG00000185885.19,0.5241058224926854,0,708
ENSG00000106305.12,0.5240974451937992,1,709
ENSG00000149231.18,0.5239737974244864,1,710
ENSG00000074527.15,0.523865631308219,0,711
ENSG00000129083.15,0.5238205796315578,1,712
ENSG00000160867.17,0.5236753106437276,0,713
ENSG00000174628.19,0.5236637994045928,0,714
ENSG00000125753.17,0.5236213821536905,0,715
ENSG00000182870.15,0.5234621510994136,0,716
ENSG00000182687.5,0.5234426626249931,0,717
ENSG00000117707.19,0.5230252809798301,0,718
ENSG00000184677.20,0.5228838328207931,0,719
ENSG00000136518.19,0.5227494289239122,0,720
ENSG00000104388.17,0.5227022614170669,0,721
ENSG00000158109.17,0.5226291828317362,0,722
ENSG00000166266.16,0.5224714402433861,0,723
ENSG00000145390.14,0.5224468265792935,1,724
ENSG00000006712.17,0.5224375713243896,0,725
ENSG00000179163.14,0.5220114564257025,1,726
ENSG00000106236.6,0.521894650880463,0,727
ENSG00000171388.14,0.5218916772554798,0,728
ENSG00000100836.13,0.5217835704906553,1,729
ENSG00000197448.16,0.5214967944851526,0,730
ENSG00000204822.9,0.5214452796857945,0,731
ENSG00000158796.19,0.5214221652278282,0,732
ENSG00000084072.19,0.5213850067635158,0,733
ENSG00000138760.13,0.52124888375439,1,734
ENSG00000165476.16,0.5210111572811662,0,735
ENSG00000198898.18,0.5209354642993237,1,736
ENSG00000169976.7,0.5208502717887937,0,737
ENSG00000118260.17,0.5208363486377158,0,738
ENSG00000173273.19,0.5208229543067815,0,739
ENSG00000163682.19,0.5207665119041031,0,740
ENSG00000135373.15,0.5207664316979451,0,741
ENSG00000134259.8,0.520750608014957,1,742
ENSG00000183527.14,0.5205335824104181,0,743
ENSG00000113721.16,0.5204883763464158,1,744
ENSG00000145029.17,0.5204552807237873,0,745
ENSG00000144867.15,0.520360495977994,0,746
ENSG00000253293.7,0.5203395561734756,0,747
ENSG00000103044.13,0.5203141051912298,0,748
ENSG00000164318.19,0.5202784386971002,0,749
ENSG00000185608.11,0.5201657957509702,0,750
ENSG00000067064.14,0.5198272984182716,0,751
ENSG00000106397.14,0.5197276835210184,1,752
ENSG00000162739.16,0.5197260898453986,0,753
ENSG00000136205.20,0.5196336605500947,0,754
ENSG00000154096.16,0.5195127331231681,0,755
ENSG00000196531.16,0.5194981525100942,0,756
ENSG00000178913.9,0.5192953414198703,0,757
ENSG00000100201.24,0.5192358274435186,1,758
ENSG00000183283.18,0.519131051352641,0,759
ENSG00000160310.22,0.51910579300357,0,760
ENSG00000158850.17,0.5188658187628489,0,761
ENSG00000159128.18,0.5187212804813959,1,762
ENSG00000069943.12,0.5186275737168479,1,763
ENSG00000011600.14,0.5185154857237778,1,764
ENSG00000089280.22,0.5183144591396267,1,765
ENSG00000085832.20,0.5182459816946442,0,766
ENSG00000111679.19,0.518242281521706,0,767
ENSG00000140403.15,0.5181862562807723,0,768
ENSG00000111639.10,0.517920525101239,0,769
ENSG00000162688.19,0.5178191356095317,1,770
ENSG00000105676.16,0.5175986878753884,0,771
ENSG00000187555.19,0.5174858881560992,1,772
ENSG00000163468.17,0.5174513768681356,1,773
ENSG00000134202.14,0.5173952650660834,0,774
ENSG00000185499.17,0.5173265538319692,1,775
ENSG00000119946.14,0.5172840440198475,0,776
ENSG00000189180.18,0.5171041836260536,0,777
ENSG00000056736.12,0.5170740437758988,0,778
ENSG00000075223.16,0.5170339581243053,0,779
ENSG00000196664.6,0.5170226319102696,1,780
ENSG00000070614.17,0.5169176178204743,1,781
ENSG00000155561.17,0.5168637198275828,1,782
ENSG00000072364.15,0.5168262676429428,1,783
ENSG00000165733.10,0.5167793891813005,1,784
ENSG00000115364.16,0.5167688928930959,0,785
ENSG00000179119.16,0.5166320782019481,1,786
ENSG00000116984.17,0.5166059935299938,1,787
ENSG00000150990.11,0.5164135239332669,1,788
ENSG00000188760.13,0.5162684182726202,0,789
ENSG00000134533.8,0.5159837617533237,0,790
ENSG00000198691.15,0.5158667516045661,1,791
ENSG00000101306.13,0.5158480282945396,0,792
ENSG00000158864.15,0.5156603504093265,1,793
ENSG00000178567.8,0.5156192207041133,0,794
ENSG00000115756.15,0.5155306124112597,0,795
ENSG00000159314.15,0.515469210582612,0,796
ENSG00000180398.15,0.514747102847878,1,797
ENSG00000134962.9,0.5147243783819628,0,798
ENSG00000175356.16,0.5146159132255319,0,799
ENSG00000165832.8,0.5145333542066656,0,800
ENSG00000016602.11,0.51442327164382,0,801
ENSG00000168172.11,0.5144198380082897,0,802
ENSG00000156453.15,0.5143722722637035,0,803
ENSG00000009830.15,0.5141099726660842,1,804
ENSG00000169740.16,0.5138469633636046,0,805
ENSG00000173166.20,0.5137285150944065,0,806
ENSG00000099204.24,0.5136668003405619,0,807
ENSG00000090520.14,0.5134410942040565,1,808
ENSG00000075651.19,0.5133227176561576,1,809
ENSG00000180318.5,0.5132368442050169,1,810
ENSG00000178691.14,0.5129307286676097,1,811
ENSG00000125991.23,0.5127827135746729,0,812
ENSG00000168488.21,0.5127405127954682,0,813
ENSG00000265972.8,0.5127209016593156,0,814
ENSG00000110108.13,0.51268546584135,0,815
ENSG00000126391.16,0.5125471316778379,0,816
ENSG00000168159.16,0.5124660163114348,0,817
ENSG00000087008.18,0.5124178719309285,0,818
ENSG00000120158.13,0.5123957013908398,1,819
ENSG00000120129.8,0.5122310059863485,0,820
ENSG00000185909.17,0.5121546903441706,0,821
ENSG00000183091.22,0.5121152119083584,1,822
ENSG00000095059.19,0.5120641088592456,1,823
ENSG00000126524.14,0.5119426002136654,1,824
ENSG00000172893.20,0.5119323303942349,1,825
ENSG00000137077.11,0.5116101867441153,0,826
ENSG00000101977.23,0.5112134479619791,0,827
ENSG00000101752.15,0.5111372266021571,1,828
ENSG00000140332.20,0.5110746023034657,0,829
ENSG00000122884.15,0.5109610971965144,0,830
ENSG00000154719.16,0.5109007855017874,1,831
ENSG00000178602.10,0.5107297922856806,0,832
ENSG00000139192.14,0.5107236829527603,0,833
ENSG00000162975.6,0.5106446196347253,0,834
ENSG00000197779.17,0.5104127620948818,0,835
ENSG00000108604.20,0.5103976357769054,1,836
ENSG00000198818.12,0.5100502137946122,0,837
ENSG00000182810.7,0.5099395765707881,0,838
ENSG00000001036.16,0.5097967066264878,0,839
ENSG00000125755.22,0.509667525919976,0,840
ENSG00000111203.15,0.5096337003997926,0,841
ENSG00000115232.15,0.5094907212375027,1,842
ENSG00000085415.18,0.5094869969113738,0,843
ENSG00000112701.20,0.5093675076073518,0,844
ENSG00000065361.19,0.5093551423072676,1,845
ENSG00000105755.10,0.5091143787320873,1,846
ENSG00000167513.11,0.5088980760823613,1,847
ENSG00000197410.15,0.5088221643727177,0,848
ENSG00000118495.23,0.5087934351334308,0,849
ENSG00000128872.12,0.5087916870608447,0,850
ENSG00000104375.19,0.5086550907991164,0,851
ENSG00000007062.14,0.5085979697169076,1,852
ENSG00000104722.15,0.508580343365994,0,853
ENSG00000170382.14,0.508509304707633,0,854
ENSG00000119777.22,0.5084992347706265,0,855
ENSG00000145284.13,0.5084696872391156,1,856
ENSG00000196507.13,0.5083156460965574,0,857
ENSG00000186231.19,0.5082114661245956,0,858
ENSG00000148848.16,0.5081870960740749,0,859
ENSG00000073350.16,0.5080702260720077,1,860
ENSG00000126261.14,0.5079808214763792,1,861
ENSG00000143632.17,0.5079133927548063,1,862
ENSG00000137267.9,0.5077461734834542,1,863
ENSG00000175040.7,0.5077178656624937,0,864
ENSG00000117308.17,0.507712679923444,1,865
ENSG00000143164.18,0.5076431067594421,0,866
ENSG00000126461.17,0.5075681225181065,0,867
ENSG00000083535.18,0.507503088811523,1,868
ENSG00000149043.18,0.5073713656422695,0,869
ENSG00000163464.9,0.5073344743926976,0,870
ENSG00000166012.19,0.5073230073784094,0,871
ENSG00000115548.19,0.5071026052272514,0,872
ENSG00000203727.5,0.5069943844516603,0,873
ENSG00000114554.13,0.5069922803535676,1,874
ENSG00000167114.15,0.5069307982562528,1,875
ENSG00000258818.6,0.5068905543144868,0,876
ENSG00000116711.12,0.5067162437899494,1,877
ENSG00000103495.16,0.5065852482706316,0,878
ENSG00000140157.18,0.5064367421397781,0,879
ENSG00000119638.16,0.506384550683807,1,880
ENSG00000156234.9,0.5059912747953262,0,881
ENSG00000149541.12,0.5059594945287853,1,882
ENSG00000145451.13,0.5058374364129975,0,883
ENSG00000135773.15,0.5058373431324837,0,884
ENSG00000163159.17,0.50571798799789,0,885
ENSG00000071794.18,0.5055550091254687,0,886
ENSG00000163359.19,0.5055216996805649,1,887
ENSG00000135424.21,0.5053509370707718,1,888
ENSG00000137309.23,0.5053195315934693,0,889
ENSG00000170412.20,0.5052771267857481,0,890
ENSG00000138722.12,0.5052113684692686,0,891
ENSG00000196569.15,0.5051764462939131,1,892
ENSG00000169371.16,0.5051041331962768,1,893
ENSG00000138448.15,0.5050650396996709,1,894
ENSG00000204219.13,0.5046192829084671,0,895
ENSG00000181215.18,0.504566950746725,0,896
ENSG00000154358.24,0.5045492547878597,1,897
ENSG00000009709.15,0.5045449242721779,1,898
ENSG00000148248.16,0.5045362335797944,0,899
ENSG00000197943.15,0.5044166039238369,1,900
ENSG00000165338.18,0.5043362025333952,0,901
ENSG00000174672.18,0.5042177435383615,1,902
ENSG00000149269.12,0.5042076043816265,1,903
ENSG00000185761.13,0.5041852862029503,0,904
ENSG00000180376.19,0.5039024436303765,0,905
ENSG00000112299.10,0.5038908557733963,0,906
ENSG00000117318.11,0.5038660978624768,0,907
ENSG00000186265.13,0.5033948056087508,0,908
ENSG00000159251.12,0.5032178798299163,1,909
ENSG00000170242.21,0.5031820379343653,0,910
ENSG00000127184.15,0.5028952838596755,0,911
ENSG00000134287.12,0.5028811548537052,1,912
ENSG00000127337.9,0.502687014006885,0,913
ENSG00000138942.19,0.5026286873783902,0,914
ENSG00000114857.21,0.5025768106369433,0,915
ENSG00000135372.12,0.5024418164437212,0,916
ENSG00000169432.20,0.501955197238409,1,917
ENSG00000159140.24,0.5017488881137088,1,918
ENSG00000152592.16,0.5016964539463388,1,919
ENSG00000176102.15,0.5016908529472008,0,920
ENSG00000060656.22,0.5016525142899582,0,921
ENSG00000067248.13,0.501503896585205,0,922
ENSG00000115556.16,0.501453444490521,0,923
ENSG00000131831.20,0.5013977526186728,0,924
ENSG00000032444.17,0.5013623429152586,1,925
ENSG00000083544.18,0.5012623895530601,0,926
ENSG00000064195.7,0.5012356166609785,1,927
ENSG00000187758.10,0.5011027532171292,0,928
ENSG00000132781.24,0.501039445062735,1,929
ENSG00000124104.20,0.5007733967551443,0,930
ENSG00000156886.13,0.5004184628285765,0,931
ENSG00000148730.9,0.5003877064605282,0,932
ENSG00000189046.13,0.5003874224649044,0,933
ENSG00000125823.13,0.5003854509807962,0,934
ENSG00000173338.14,0.5002948687242099,0,935
ENSG00000141646.19,0.5002225016439662,1,936
ENSG00000126457.24,0.5001730484435515,0,937
ENSG00000152254.11,0.5000058381678306,0,938
ENSG00000170509.14,0.49984796144500393,0,939
ENSG00000160688.21,0.49972217067068936,1,940
ENSG00000168003.21,0.4996845637095489,0,941
ENSG00000089737.21,0.49949499597342056,0,942
ENSG00000116731.24,0.49928766000025404,0,943
ENSG00000184508.13,0.49925767260683557,0,944
ENSG00000229453.5,0.4989588105140539,0,945
ENSG00000006125.20,0.4987489255929358,0,946
ENSG00000086544.5,0.4987455186531316,0,947
ENSG00000089057.17,0.4987305289735309,0,948
ENSG00000105655.21,0.49849637077874803,0,949
ENSG00000108242.15,0.49828316072317397,0,950
ENSG00000144908.16,0.4980788326402065,0,951
ENSG00000105229.9,0.4980778071979873,0,952
ENSG00000185745.11,0.49799197622356645,0,953
ENSG00000130159.17,0.4977744809267439,0,954
ENSG00000153936.19,0.4974693486083064,1,955
ENSG00000116604.21,0.4974546681265524,0,956
ENSG00000151883.22,0.49730606782465586,0,957
ENSG00000111199.14,0.49659025878052954,1,958
ENSG00000147378.13,0.4965228900810709,0,959
ENSG00000131115.18,0.4963214184762897,0,960
ENSG00000129988.8,0.49631450820700623,0,961
ENSG00000164111.17,0.49629052633081067,0,962
ENSG00000101460.15,0.4962470523232232,0,963
ENSG00000091106.21,0.4962128616255459,1,964
ENSG00000069812.13,0.49615418230353353,0,965
ENSG00000179151.15,0.4961139750835382,1,966
ENSG00000170471.17,0.49605864360281426,1,967
ENSG00000169245.7,0.4957955944265011,0,968
ENSG00000135916.17,0.495713140813338,0,969
ENSG00000153774.11,0.4955963780397554,0,970
ENSG00000138698.17,0.4955177737864775,1,971
ENSG00000115758.16,0.4954990722199763,1,972
ENSG00000059122.19,0.49511915435867043,0,973
ENSG00000158158.14,0.49510593822549986,1,974
ENSG00000136267.16,0.4951042255071263,0,975
ENSG00000133392.21,0.4949956434908591,1,976
ENSG00000101391.23,0.4948527674291962,0,977
ENSG00000100330.18,0.49463382694132213,0,978
ENSG00000167977.11,0.49452332879398936,0,979
ENSG00000198625.17,0.49447703644737256,0,980
ENSG00000121653.13,0.4943924369379955,0,981
ENSG00000177885.17,0.49438601694624157,0,982
ENSG00000197971.17,0.4943397694639498,0,983
ENSG00000185070.14,0.4943300846596231,0,984
ENSG00000168827.17,0.4943065808623884,1,985
ENSG00000050730.18,0.494050719638607,0,986
ENSG00000158747.17,0.49373141243756086,0,987
ENSG00000048828.20,0.4935996699273096,0,988
ENSG00000077254.16,0.49340226783503466,0,989
ENSG00000081277.14,0.49302514789784774,1,990
ENSG00000103653.19,0.4929687145068291,0,991
ENSG00000198959.14,0.49269199999956426,0,992
ENSG00000172232.11,0.49262757928239287,0,993
ENSG00000160299.20,0.4925555356123579,1,994
ENSG00000137221.16,0.4924082970563675,0,995
ENSG00000140092.18,0.4923511695630866,1,996
ENSG00000138193.19,0.49233834203085686,1,997
ENSG00000227051.8,0.4923165254760172,0,998
ENSG00000161654.12,0.4922663218480956,0,999
ENSG00000173889.18,0.49192287094187354,0,1000
ENSG00000162769.15,0.491890798407932,1,1001
ENSG00000072803.20,0.49168257157039247,1,1002
ENSG00000089902.12,0.49162108856217684,0,1003
ENSG00000131759.20,0.491106058279618,0,1004
ENSG00000121058.7,0.49104985792318906,0,1005
ENSG00000011465.20,0.491003929593359,1,1006
ENSG00000108559.15,0.4909985210345463,1,1007
ENSG00000137474.25,0.49089235667357684,1,1008
ENSG00000109606.15,0.49032514309335656,0,1009
ENSG00000168439.19,0.4900377394401036,0,1010
ENSG00000137225.13,0.4898423392853517,0,1011
ENSG00000176853.18,0.4898421810090905,0,1012
ENSG00000105447.15,0.4898196134197481,0,1013
ENSG00000134250.23,0.48978661397890844,1,1014
ENSG00000007392.19,0.48963941746814266,0,1015
ENSG00000167526.17,0.4896077529820772,1,1016
ENSG00000168795.7,0.48949058375163296,0,1017
ENSG00000166685.15,0.48945524957367664,1,1018
ENSG00000153531.16,0.4894182678356586,0,1019
ENSG00000131788.18,0.48934631795053823,0,1020
ENSG00000103222.22,0.48934458264505265,1,1021
ENSG00000108671.13,0.48907254972031544,1,1022
ENSG00000263639.8,0.48907083339658125,0,1023
ENSG00000183479.15,0.48898348200486574,0,1024
ENSG00000172578.13,0.48893824997362856,0,1025
ENSG00000145703.18,0.48893041459652586,0,1026
ENSG00000071189.23,0.48878850069399943,0,1027
ENSG00000174547.15,0.4886754028338078,0,1028
ENSG00000255112.3,0.48862648604197795,0,1029
ENSG00000068137.17,0.48850137915445085,0,1030
ENSG00000119537.20,0.48824627269036397,1,1031
ENSG00000122482.24,0.4882280547885882,1,1032
ENSG00000123505.22,0.4881690258315206,1,1033
ENSG00000133574.12,0.48805423857342944,0,1034
ENSG00000155760.3,0.48783832338893557,0,1035
ENSG00000119711.15,0.4877492352242856,1,1036
ENSG00000197632.11,0.48741004428725737,0,1037
ENSG00000139505.15,0.4874048338417458,0,1038
ENSG00000163214.23,0.4873820848886992,0,1039
ENSG00000100393.18,0.48732246464059426,1,1040
ENSG00000166483.14,0.4873182688972413,0,1041
ENSG00000007341.21,0.48717728591044596,0,1042
ENSG00000010244.21,0.48714325161223443,0,1043
ENSG00000185361.11,0.4871186427298701,0,1044
ENSG00000169359.18,0.487058640064085,1,1045
ENSG00000198517.12,0.48696537902162723,0,1046
ENSG00000140941.16,0.4868403216009712,0,1047
ENSG00000100029.20,0.4867787916037937,0,1048
ENSG00000215421.12,0.4866533248613252,1,1049
ENSG00000198053.14,0.48649355975796443,0,1050
ENSG00000100284.24,0.4864096000759881,1,1051
ENSG00000196387.12,0.486321169198391,0,1052
ENSG00000243543.11,0.4862781170258106,0,1053
ENSG00000174175.19,0.4858125386999648,0,1054
ENSG00000251322.12,0.4857182843116894,1,1055
ENSG00000145242.16,0.48535200080413093,0,1056
ENSG00000166311.12,0.48534451670182605,1,1057
ENSG00000132388.15,0.4852975177089465,0,1058
ENSG00000186908.17,0.4852633785320086,0,1059
ENSG00000024862.20,0.48517908840209883,0,1060
ENSG00000139352.5,0.4851378338095768,0,1061
ENSG00000088992.20,0.48510019602319204,0,1062
ENSG00000103024.10,0.4849682580304671,0,1063
ENSG00000163082.12,0.4846856466929054,0,1064
ENSG00000136448.15,0.48467895933966876,0,1065
ENSG00000159173.21,0.4846348682448854,0,1066
ENSG00000132740.12,0.4845281616788264,1,1067
ENSG00000170426.2,0.4845202682912015,1,1068
ENSG00000103152.13,0.48450902488034114,0,1069
ENSG00000101596.19,0.4842419716914525,1,1070
ENSG00000100325.17,0.4841011687493894,0,1071
ENSG00000130559.20,0.4839557227536871,1,1072
ENSG00000105894.15,0.4836134508830486,0,1073
ENSG00000173812.13,0.4835576214477328,0,1074
ENSG00000114019.17,0.4833375987921622,0,1075
ENSG00000237441.12,0.4833008374105698,0,1076
ENSG00000166225.11,0.48302288284027295,0,1077
ENSG00000175550.9,0.48282546811162336,0,1078
ENSG00000160208.14,0.48266847796244877,0,1079
ENSG00000129946.13,0.4826194468761371,0,1080
ENSG00000064601.23,0.4825780579274979,1,1081
ENSG00000198492.18,0.4825040299863157,0,1082
ENSG00000103196.14,0.4824395499163268,0,1083
ENSG00000064419.16,0.4823802936426225,1,1084
ENSG00000171812.14,0.48225616568350355,1,1085
ENSG00000153404.17,0.4821661876273946,0,1086
ENSG00000125814.19,0.4819859801800413,1,1087
ENSG00000173540.16,0.48191699864129234,1,1088
ENSG00000079215.17,0.4818964261849108,1,1089
ENSG00000131931.10,0.4818830502369673,1,1090
ENSG00000129654.10,0.4818600559226088,1,1091
ENSG00000124356.19,0.4817972088482247,1,1092
ENSG00000196616.17,0.48177953346793484,0,1093
ENSG00000038295.9,0.48174647365738954,1,1094
ENSG00000066279.21,0.48171427642181963,1,1095
ENSG00000151689.15,0.48166194867614726,0,1096
ENSG00000174483.22,0.48149962701793597,1,1097
ENSG00000049860.15,0.4813235721336606,1,1098
ENSG00000037042.11,0.4812400893712847,0,1099
ENSG00000125841.16,0.4812290232055834,0,1100
ENSG00000196208.16,0.48117894411716255,0,1101
ENSG00000166888.15,0.48082951768987553,1,1102
ENSG00000228474.8,0.4807589089624548,0,1103
ENSG00000204852.19,0.480709202220788,1,1104
ENSG00000138271.6,0.48069702773788087,0,1105
ENSG00000156535.16,0.480520400125838,0,1106
ENSG00000152128.15,0.48050693853399234,1,1107
ENSG00000118965.18,0.4803024280906378,1,1108
ENSG00000175166.19,0.48029974582279505,0,1109
ENSG00000125245.15,0.48014458398713966,0,1110
ENSG00000133121.23,0.48014192918723353,0,1111
ENSG00000182158.18,0.47994466885344367,0,1112
ENSG00000108784.12,0.4798606674106885,1,1113
ENSG00000121864.12,0.47976432844810063,0,1114
ENSG00000146648.23,0.4796545409706545,1,1115
ENSG00000137265.18,0.479604219291986,1,1116
ENSG00000076685.21,0.4793244581019725,1,1117
ENSG00000256574.10,0.4792194204319105,0,1118
ENSG00000275835.7,0.47918647367045447,0,1119
ENSG00000123353.12,0.4791425407788719,0,1120
ENSG00000147465.14,0.47903908954675245,1,1121
ENSG00000266524.5,0.4789945061711632,0,1122
ENSG00000137877.10,0.47898174000712274,0,1123
ENSG00000075188.11,0.47863732201389025,1,1124
ENSG00000105640.15,0.4786034838623185,0,1125
ENSG00000117148.10,0.4785400448475979,0,1126
ENSG00000051180.19,0.4784549090945183,1,1127
ENSG00000170325.18,0.4783859692110399,0,1128
ENSG00000177971.9,0.47835903269470564,0,1129
ENSG00000196547.18,0.47835348974757225,0,1130
ENSG00000214160.12,0.4779586362781789,1,1131
ENSG00000169567.15,0.4779125288119528,1,1132
ENSG00000138303.21,0.47777562509981686,1,1133
ENSG00000134375.13,0.4775823643274673,0,1134
ENSG00000242550.7,0.4774421811960147,0,1135
ENSG00000257017.12,0.47742095464357853,0,1136
ENSG00000090581.13,0.4773454439565146,1,1137
ENSG00000077984.8,0.47713674202163014,0,1138
ENSG00000125977.9,0.4771188822459574,0,1139
ENSG00000187608.11,0.4769473211576063,1,1140
ENSG00000138107.15,0.4768637419158872,0,1141
ENSG00000137106.20,0.4766078756144021,1,1142
ENSG00000114503.12,0.47638796902646446,0,1143
ENSG00000240891.9,0.4763632959353397,0,1144
ENSG00000115738.12,0.476161335923194,0,1145
ENSG00000164934.17,0.47605366869538973,0,1146
ENSG00000144566.13,0.476007735362828,0,1147
ENSG00000175467.17,0.47600744242722487,0,1148
ENSG00000106245.13,0.47579104837590513,0,1149
ENSG00000170312.19,0.47562362287018356,0,1150
ENSG00000171490.15,0.47547843168261844,0,1151
ENSG00000142327.15,0.4754219946875504,0,1152
ENSG00000146463.14,0.4754075743404971,0,1153
ENSG00000166592.15,0.4753648073269799,0,1154
ENSG00000162851.10,0.4752591121142024,0,1155
ENSG00000063854.15,0.4752159525178256,0,1156
ENSG00000114455.17,0.47511863711084806,0,1157
ENSG00000180245.7,0.4749690994332585,0,1158
ENSG00000135108.18,0.4748594212668798,0,1159
ENSG00000012983.14,0.4748350692340037,0,1160
ENSG00000145916.21,0.4748244358338687,0,1161
ENSG00000185666.17,0.47472760093996014,1,1162
ENSG00000107819.17,0.474430049363088,0,1163
ENSG00000164070.14,0.4742495952269705,0,1164
ENSG00000100347.17,0.47407297906495643,0,1165
ENSG00000179088.17,0.47404624905472187,0,1166
ENSG00000108861.11,0.4740292248690173,0,1167
ENSG00000167258.18,0.47392322804106946,0,1168
ENSG00000115590.16,0.4737234316796495,0,1169
ENSG00000187714.7,0.4736675611596592,0,1170
ENSG00000176261.18,0.4736340696920262,0,1171
ENSG00000169762.19,0.47359523247460694,1,1172
ENSG00000145794.18,0.4732828488586683,1,1173
ENSG00000140519.16,0.4729861835631531,0,1174
ENSG00000162702.10,0.47264633364622927,0,1175
ENSG00000145247.14,0.47263710943063836,0,1176
ENSG00000103855.20,0.4724134125928792,0,1177
ENSG00000164023.17,0.472331466082625,1,1178
ENSG00000130052.15,0.47223169860030073,0,1179
ENSG00000175581.16,0.47221942449415283,0,1180
ENSG00000133316.18,0.47212616848020456,0,1181
ENSG00000136699.22,0.4721203389051504,1,1182
ENSG00000204710.4,0.4719486431403305,0,1183
ENSG00000164144.18,0.4717400105769783,0,1184
ENSG00000116199.14,0.47171068930708887,0,1185
ENSG00000214087.11,0.4716932342364495,0,1186
ENSG00000122068.15,0.4715397015047673,0,1187
ENSG00000165023.8,0.47148432546498653,0,1188
ENSG00000005801.20,0.4714234415497998,0,1189
ENSG00000115325.16,0.47118429878079654,1,1190
ENSG00000137976.9,0.47116839157268925,0,1191
ENSG00000241258.10,0.47085631858827287,0,1192
ENSG00000172995.19,0.47085320580091033,0,1193
ENSG00000168329.16,0.4707826009900325,0,1194
ENSG00000174276.7,0.4707521348872344,0,1195
ENSG00000125124.16,0.470592987176856,1,1196
ENSG00000185013.18,0.47053133809628217,0,1197
ENSG00000181982.22,0.47043097219917906,0,1198
ENSG00000134072.13,0.4703108390459904,0,1199
ENSG00000196460.15,0.47017868017580255,0,1200
ENSG00000130881.15,0.47016291683715566,0,1201
ENSG00000112584.16,0.46987506716006494,0,1202
ENSG00000172264.20,0.4697622972693412,0,1203
ENSG00000110660.17,0.4696440364728314,0,1204
ENSG00000198033.14,0.46959028538134934,0,1205
ENSG00000176029.15,0.4694966331624242,0,1206
ENSG00000096080.14,0.4694941566582016,0,1207
ENSG00000240230.7,0.46944115844300516,0,1208
ENSG00000137033.14,0.46936449875106384,0,1209
ENSG00000104973.21,0.46933926882352184,1,1210
ENSG00000094841.16,0.469274315343518,0,1211
ENSG00000110002.18,0.4690124380462999,0,1212
ENSG00000100354.24,0.46899733470742416,1,1213
ENSG00000257594.4,0.4688749316924767,0,1214
ENSG00000100038.22,0.46875199509561494,0,1215
ENSG00000242612.9,0.4687192465406877,0,1216
ENSG00000177076.7,0.46848296023033803,0,1217
ENSG00000141255.14,0.46841931572585455,1,1218
ENSG00000178372.8,0.46840119950182446,0,1219
ENSG00000163162.11,0.4683847266000563,0,1220
ENSG00000154027.20,0.46827163079773965,0,1221
ENSG00000196335.14,0.46795114399591786,0,1222
ENSG00000172336.7,0.4679102218623536,0,1223
ENSG00000130725.10,0.4675233510799021,0,1224
ENSG00000173598.16,0.46751381384578633,0,1225
ENSG00000181026.17,0.4674489829785285,0,1226
ENSG00000139648.7,0.4672425411175402,1,1227
ENSG00000114023.17,0.46721663330185964,0,1228
ENSG00000167671.14,0.4670939739491655,0,1229
ENSG00000004468.15,0.467069087544106,0,1230
ENSG00000130595.22,0.46705533435241314,1,1231
ENSG00000073417.17,0.4670499529611867,0,1232
ENSG00000165264.13,0.46701922380987376,0,1233
ENSG00000166411.16,0.4669283181477411,1,1234
ENSG00000183696.16,0.4668539607200313,0,1235
ENSG00000130957.6,0.4665877260473846,0,1236
ENSG00000101654.20,0.46646959714037894,0,1237
ENSG00000095303.19,0.46641510732492014,0,1238
ENSG00000178921.16,0.4664018489596322,1,1239
ENSG00000147905.20,0.4661354470727501,0,1240
ENSG00000087995.18,0.46608813947757516,0,1241
ENSG00000129009.15,0.46605196101333685,0,1242
ENSG00000132024.20,0.466002320361701,1,1243
ENSG00000165810.19,0.4659534290112455,0,1244
ENSG00000090372.16,0.46593332753064676,0,1245
ENSG00000063177.15,0.4657326921021198,0,1246
ENSG00000136631.18,0.46567176624213363,1,1247
ENSG00000150201.17,0.4655962586649891,0,1248
ENSG00000119917.16,0.4655338172698363,0,1249
ENSG00000138622.4,0.4655305780563021,1,1250
ENSG00000089558.10,0.46527275759844616,0,1251
ENSG00000105880.8,0.46526774697018,1,1252
ENSG00000178623.15,0.4652318282948311,0,1253
ENSG00000100889.14,0.4650813333664278,0,1254
ENSG00000131652.16,0.46501600832073153,1,1255
ENSG00000104313.22,0.4649208273140612,1,1256
ENSG00000005381.9,0.46488545817063615,1,1257
ENSG00000119673.18,0.4648101804600245,0,1258
ENSG00000240505.9,0.4647783412164311,1,1259
ENSG00000176087.18,0.46472626566096525,0,1260
ENSG00000114248.12,0.4647121312823444,0,1261
ENSG00000138376.13,0.46459417710767753,1,1262
ENSG00000211460.14,0.46426836798849674,0,1263
ENSG00000139178.14,0.46421323985356405,0,1264
ENSG00000119599.20,0.46409599437712235,0,1265
ENSG00000184990.15,0.46386037409698405,0,1266
ENSG00000109572.18,0.46380124805634587,1,1267
ENSG00000198643.9,0.46377965681569105,0,1268
ENSG00000144868.16,0.46347044631819134,0,1269
ENSG00000157110.18,0.4634098575308539,0,1270
ENSG00000140859.18,0.46330873870597306,0,1271
ENSG00000163029.18,0.463302977619317,0,1272
ENSG00000137804.16,0.4630674122446436,0,1273
ENSG00000140285.14,0.4629701018042833,0,1274
ENSG00000136875.15,0.4628726012533276,0,1275
ENSG00000101746.18,0.4628294953006408,0,1276
ENSG00000164219.11,0.4627689606571826,0,1277
ENSG00000165097.18,0.4626480432494671,0,1278
ENSG00000176022.7,0.4624552245572333,1,1279
ENSG00000006576.19,0.4624462318008596,0,1280
ENSG00000129518.12,0.4622278154253247,0,1281
ENSG00000157881.18,0.4621094450939,1,1282
ENSG00000171759.12,0.46207791859573194,1,1283
ENSG00000214367.11,0.4620573393929184,0,1284
ENSG00000196139.16,0.4619373990717084,0,1285
ENSG00000129007.18,0.4618673428867755,0,1286
ENSG00000137337.18,0.46183428367269946,1,1287
ENSG00000128713.15,0.46154456950791567,0,1288
ENSG00000101435.6,0.4615363336151144,0,1289
ENSG00000176396.12,0.4612518767605323,0,1290
ENSG00000179546.7,0.46105801168736943,0,1291
ENSG00000073605.21,0.46088251332361513,0,1292
ENSG00000179820.19,0.46061187354139005,0,1293
ENSG00000197785.16,0.4602743138213759,1,1294
ENSG00000166426.10,0.4602645265151766,0,1295
ENSG00000001561.9,0.46000601503972155,0,1296
ENSG00000082438.20,0.45995968102980217,0,1297
ENSG00000042753.14,0.45972194941901057,1,1298
ENSG00000164008.19,0.4596446012989408,0,1299
ENSG00000154975.16,0.45943309950886185,0,1300
ENSG00000174482.12,0.4592810173609048,0,1301
ENSG00000101190.15,0.4592316653304163,0,1302
ENSG00000105983.25,0.45922077049952775,1,1303
ENSG00000157450.18,0.459080919336563,0,1304
ENSG00000113522.16,0.4584902662948734,1,1305
ENSG00000166484.22,0.4584788959999533,1,1306
ENSG00000172009.17,0.45845258281040363,0,1307
ENSG00000125257.18,0.4583445622462346,0,1308
ENSG00000103248.21,0.4583278147925655,0,1309
ENSG00000278259.7,0.45818946500856134,0,1310
ENSG00000183023.21,0.4581113825696,0,1311
ENSG00000197345.15,0.45770518952328754,0,1312
ENSG00000189077.13,0.4573351582692562,0,1313
ENSG00000196526.13,0.4573263509517674,0,1314
ENSG00000261857.9,0.4572964409339684,0,1315
ENSG00000111674.11,0.45721241735577994,0,1316
ENSG00000012779.14,0.45718448488288693,0,1317
ENSG00000108932.15,0.4571489660566004,0,1318
ENSG00000198523.8,0.45702079322165523,1,1319
ENSG00000197114.14,0.45697740714490576,0,1320
ENSG00000143222.14,0.45657107996063634,1,1321
ENSG00000205476.10,0.45640452683397603,0,1322
ENSG00000139625.15,0.4563702251733326,0,1323
ENSG00000213901.13,0.45634538328690294,0,1324
ENSG00000148082.11,0.4563335558286376,0,1325
ENSG00000101447.16,0.45620885884888795,0,1326
ENSG00000143079.17,0.45615330931735865,0,1327
ENSG00000105669.16,0.4560124476663446,0,1328
ENSG00000177156.13,0.4559611676576261,1,1329
ENSG00000118473.25,0.4559519246391111,0,1330
ENSG00000169777.7,0.45593918970976005,0,1331
ENSG00000123975.7,0.4559246613882233,0,1332
ENSG00000196678.16,0.4558454983429043,0,1333
ENSG00000111344.14,0.45581486176261143,0,1334
ENSG00000111843.16,0.4557845873070773,0,1335
ENSG00000138606.21,0.45569927049023645,0,1336
ENSG00000110651.15,0.4555032819984605,1,1337
ENSG00000196408.14,0.4553391039559338,0,1338
ENSG00000141560.17,0.455336241897004,0,1339
ENSG00000172262.14,0.4551947134233792,0,1340
ENSG00000185933.7,0.4551921253611084,0,1341
ENSG00000048471.16,0.455134421699743,0,1342
ENSG00000168216.15,0.4550276287635242,1,1343
ENSG00000007541.19,0.4550015447596147,1,1344
ENSG00000275395.8,0.4549041542962516,0,1345
ENSG00000138316.13,0.4548369544693258,0,1346
ENSG00000173801.19,0.45469168705631874,1,1347
ENSG00000187735.18,0.45468798322653964,0,1348
ENSG00000114745.17,0.45429925423183454,0,1349
ENSG00000185615.18,0.4540217847901546,0,1350
ENSG00000099783.15,0.4539983449429703,0,1351
ENSG00000136527.21,0.4539827512380028,1,1352
ENSG00000104723.23,0.45371892260449775,1,1353
ENSG00000005156.14,0.45358876529499054,1,1354
ENSG00000143195.15,0.45358714732859123,0,1355
ENSG00000126231.17,0.4535849992228142,0,1356
ENSG00000188133.8,0.4534909598580183,0,1357
ENSG00000105185.14,0.4533846981080887,0,1358
ENSG00000140280.16,0.45338219350714093,0,1359
ENSG00000160058.21,0.453208747646016,0,1360
ENSG00000177807.12,0.45304755378456313,1,1361
ENSG00000148719.18,0.4529182260917553,0,1362
ENSG00000075643.8,0.4528455987884281,1,1363
ENSG00000140044.15,0.45268479283441554,0,1364
ENSG00000178997.13,0.45249457567325974,0,1365
ENSG00000149182.17,0.4522926686415502,0,1366
ENSG00000136161.15,0.45225019751653167,0,1367
ENSG00000078804.15,0.45217149897823905,0,1368
ENSG00000158773.16,0.4521692886479423,0,1369
ENSG00000166887.18,0.4519772256769737,0,1370
ENSG00000138398.19,0.4518231466907983,0,1371
ENSG00000128590.7,0.4518216341666805,0,1372
ENSG00000227507.4,0.45162080859431925,0,1373
ENSG00000102796.14,0.45156447458275234,0,1374
ENSG00000141576.18,0.4515303284882974,1,1375
ENSG00000134001.17,0.45135928269285924,0,1376
ENSG00000179588.10,0.4512735096377296,0,1377
ENSG00000005187.14,0.4510625234760464,1,1378
ENSG00000169439.14,0.4509848708227982,0,1379
ENSG00000183048.14,0.45093363627146865,0,1380
ENSG00000102996.7,0.45085233373503364,1,1381
ENSG00000050748.20,0.4508383326679461,0,1382
ENSG00000099364.19,0.45079226985125714,0,1383
ENSG00000214114.11,0.45067065650879085,0,1384
ENSG00000171786.6,0.45030379272006815,0,1385
ENSG00000182463.17,0.4502305072479766,0,1386
ENSG00000185252.21,0.45002967250433157,0,1387
ENSG00000109466.16,0.4498351295495395,0,1388
ENSG00000150556.19,0.44982126594082655,0,1389
ENSG00000152270.12,0.4495872665164949,1,1390
ENSG00000100811.16,0.44950516432533805,1,1391
ENSG00000161640.17,0.44940092132687565,0,1392
ENSG00000165272.18,0.44922237606262233,0,1393
ENSG00000183421.13,0.44915773560366273,1,1394
ENSG00000047648.24,0.4489230425807076,0,1395
ENSG00000139144.13,0.44865983604420206,1,1396
ENSG00000105472.16,0.4484238757232892,0,1397
ENSG00000162738.9,0.4483705206168868,0,1398
ENSG00000180329.16,0.4483292913324875,0,1399
ENSG00000133985.5,0.448251038527877,0,1400
ENSG00000120254.18,0.448176252841332,0,1401
ENSG00000221829.13,0.44816633320126104,1,1402
ENSG00000130222.13,0.4481351559933717,0,1403
ENSG00000128510.13,0.44813075712677625,0,1404
ENSG00000231925.16,0.44809255676227755,1,1405
ENSG00000164916.13,0.448018085737802,0,1406
ENSG00000187091.16,0.44799501345769777,1,1407
ENSG00000107872.16,0.4479757907349539,0,1408
ENSG00000085511.22,0.44797373188388523,0,1409
ENSG00000123737.15,0.44785749780351436,1,1410
ENSG00000141524.21,0.4478044026698056,1,1411
ENSG00000151468.13,0.44773943442226055,0,1412
ENSG00000108064.13,0.44707131658866145,0,1413
ENSG00000129347.23,0.4469931435906032,0,1414
ENSG00000127191.21,0.4468943828343588,0,1415
ENSG00000004866.24,0.44678010969245224,0,1416
ENSG00000124212.8,0.4467012258973742,1,1417
ENSG00000197465.15,0.4465416816253602,0,1418
ENSG00000262246.8,0.44652135766335926,0,1419
ENSG00000133116.9,0.4463450165414444,0,1420
ENSG00000240694.11,0.44627526888574215,0,1421
ENSG00000189056.16,0.44618978369513346,1,1422
ENSG00000166292.14,0.44611936229849364,0,1423
ENSG00000164830.20,0.4460656638631591,1,1424
ENSG00000189283.12,0.4460291177980205,1,1425
ENSG00000183742.15,0.44590452174112527,0,1426
ENSG00000109016.20,0.44581262151869216,0,1427
ENSG00000132704.18,0.44578900289035056,0,1428
ENSG00000108231.15,0.44575895350826916,1,1429
ENSG00000260325.2,0.4456876128574736,0,1430
ENSG00000105552.17,0.44561733351033833,1,1431
ENSG00000137752.27,0.44559947239405795,0,1432
ENSG00000148019.16,0.44556984427347945,1,1433
ENSG00000141338.17,0.445528594844576,1,1434
ENSG00000162510.6,0.4454187465338177,0,1435
ENSG00000144895.14,0.4454068823846631,0,1436
ENSG00000153767.12,0.44527087625429207,0,1437
ENSG00000157368.14,0.4451157962138897,0,1438
ENSG00000158050.8,0.4450400579213709,0,1439
ENSG00000149016.18,0.4448553516713214,0,1440
ENSG00000163607.20,0.4448130591971618,0,1441
ENSG00000113621.17,0.44469177917390484,1,1442
ENSG00000168077.16,0.4444308560298014,0,1443
ENSG00000187048.16,0.4442370700711687,0,1444
ENSG00000172005.13,0.4442080758363122,0,1445
ENSG00000135625.10,0.44411693034944705,0,1446
ENSG00000115053.19,0.44407668614538515,0,1447
ENSG00000125686.14,0.44405257213174343,0,1448
ENSG00000145721.14,0.4439864251154959,0,1449
ENSG00000183625.18,0.4438838023009308,0,1450
ENSG00000151846.9,0.4437575735894906,0,1451
ENSG00000138336.11,0.44369931114419,0,1452
ENSG00000145217.16,0.4436897105299344,0,1453
ENSG00000164258.14,0.4432741326513662,1,1454
ENSG00000154639.21,0.4432039122711709,0,1455
ENSG00000197629.7,0.4431823996232514,1,1456
ENSG00000168569.10,0.4430071691136996,0,1457
ENSG00000132912.16,0.4429743681536183,0,1458
ENSG00000138744.19,0.442887589262363,0,1459
ENSG00000145439.14,0.4427731782707552,0,1460
ENSG00000114738.13,0.4425411626793885,1,1461
ENSG00000174844.16,0.442394253571687,1,1462
ENSG00000085433.19,0.4423493384276079,0,1463
ENSG00000105509.13,0.44205964422038524,0,1464
ENSG00000100372.17,0.4420449383111607,0,1465
ENSG00000158104.13,0.4418646305488716,1,1466
ENSG00000198752.13,0.4417984917833618,1,1467
ENSG00000187672.17,0.44171073981821957,0,1468
ENSG00000169836.6,0.4416553493977397,1,1469
ENSG00000176046.11,0.4416099154430468,0,1470
ENSG00000152556.19,0.44149479050868295,1,1471
ENSG00000100100.16,0.4414624154825577,0,1472
ENSG00000141431.15,0.44104719773870427,1,1473
ENSG00000152661.11,0.4410235245346692,1,1474
ENSG00000011260.16,0.44091432482807713,0,1475
ENSG00000099817.14,0.44091296176622485,1,1476
ENSG00000137776.19,0.440645477603305,0,1477
ENSG00000121053.6,0.4406238433029412,0,1478
ENSG00000070778.15,0.4405892272052745,0,1479
ENSG00000144120.15,0.4404539833865965,0,1480
ENSG00000073712.17,0.4403365684922122,0,1481
ENSG00000119725.23,0.4402769752526115,0,1482
ENSG00000172020.15,0.44008098633167697,0,1483
ENSG00000175077.7,0.4400258151623211,0,1484
ENSG00000125744.14,0.43985758718773615,1,1485
ENSG00000116157.7,0.4398352097568894,0,1486
ENSG00000111229.18,0.4395475521006576,0,1487
ENSG00000118689.17,0.43938345587795924,0,1488
ENSG00000184939.17,0.43930431065660414,0,1489
ENSG00000093010.17,0.4392773415427502,1,1490
ENSG00000138075.16,0.4392647886525997,1,1491
ENSG00000154832.18,0.4390676109052825,0,1492
ENSG00000197416.7,0.43904684167213315,0,1493
ENSG00000141668.12,0.4388110274661394,0,1494
ENSG00000095539.18,0.4384261726678336,0,1495
ENSG00000170162.16,0.4384184040943646,0,1496
ENSG00000163687.16,0.43841133835184753,1,1497
ENSG00000164576.14,0.43834526525419526,0,1498
ENSG00000065485.22,0.43834396646405915,0,1499
ENSG00000096872.19,0.438137583277141,1,1500
ENSG00000243284.1,0.43799312987580485,0,1501
ENSG00000163743.16,0.4377639747193845,1,1502
ENSG00000125629.18,0.4375477590451189,0,1503
ENSG00000142910.18,0.4374877755846565,0,1504
ENSG00000167377.21,0.43737069263362116,0,1505
ENSG00000183207.17,0.43724997825373163,0,1506
ENSG00000065268.13,0.4372463365277463,0,1507
ENSG00000075407.21,0.4372189138464999,0,1508
ENSG00000077080.12,0.4371522789351722,1,1509
ENSG00000132394.13,0.437134197448304,1,1510
ENSG00000129354.14,0.4369144744432238,0,1511
ENSG00000177938.6,0.4364720721093003,0,1512
ENSG00000167323.15,0.4364670626928359,1,1513
ENSG00000172732.14,0.4364514434132345,0,1514
ENSG00000168081.11,0.4363361216981174,0,1515
ENSG00000100994.14,0.436111757074475,0,1516
ENSG00000198838.16,0.4360440554336104,1,1517
ENSG00000186919.13,0.4359224083041833,0,1518
ENSG00000151090.22,0.4356474384900591,1,1519
ENSG00000142273.15,0.43564158587073926,0,1520
ENSG00000165684.8,0.4353754574300012,1,1521
ENSG00000214814.8,0.43512858151921296,0,1522
ENSG00000161653.13,0.43494452571727793,1,1523
ENSG00000122966.20,0.43494004938453523,1,1524
ENSG00000138190.18,0.43493445650893897,0,1525
ENSG00000206073.12,0.43469442451394125,0,1526
ENSG00000171403.10,0.4345289391950496,1,1527
ENSG00000230124.10,0.4344531087379313,1,1528
ENSG00000101298.17,0.4342259206829406,0,1529
ENSG00000140694.20,0.4342129111553155,1,1530
ENSG00000171132.16,0.434151832935884,1,1531
ENSG00000178966.18,0.4338905636946131,0,1532
ENSG00000173578.10,0.4338812287233648,0,1533
ENSG00000073008.18,0.43386098416298885,0,1534
ENSG00000146859.8,0.4337181681333396,0,1535
ENSG00000143013.15,0.43367523470628283,0,1536
ENSG00000132109.12,0.4336271928006874,0,1537
ENSG00000110011.16,0.4336042895645927,0,1538
ENSG00000066926.15,0.4335073670855713,1,1539
ENSG00000103546.21,0.43349568283536105,1,1540
ENSG00000145012.17,0.43337698038738875,0,1541
ENSG00000154589.9,0.4332961541306572,0,1542
ENSG00000241563.5,0.43327445439798523,0,1543
ENSG00000126860.14,0.4331341159982783,0,1544
ENSG00000164283.14,0.43299886872518467,0,1545
ENSG00000177732.9,0.4327935004517253,0,1546
ENSG00000141574.10,0.43273671371984274,0,1547
ENSG00000092140.18,0.4327135309596966,0,1548
ENSG00000184144.14,0.43257921270650845,1,1549
ENSG00000258839.5,0.43248036857262445,1,1550
ENSG00000162695.15,0.4321185886589915,1,1551
ENSG00000171115.6,0.4317942105967015,0,1552
ENSG00000158022.7,0.4317024284733478,1,1553
ENSG00000136244.14,0.4316312811192819,0,1554
ENSG00000079385.25,0.43159689331614004,0,1555
ENSG00000162892.16,0.4315943800322491,0,1556
ENSG00000125648.17,0.43156348445628545,0,1557
ENSG00000187783.13,0.4313655618322589,0,1558
ENSG00000119401.13,0.4311423025148651,0,1559
ENSG00000137507.13,0.43113242864010687,1,1560
ENSG00000083312.21,0.43107748795693784,0,1561
ENSG00000105618.16,0.43104247672551294,1,1562
ENSG00000100614.20,0.43100482167227155,0,1563
ENSG00000169682.19,0.4309319730704492,0,1564
ENSG00000156925.14,0.43048896499326245,1,1565
ENSG00000060491.19,0.43030961171266796,0,1566
ENSG00000257923.14,0.43011908962079426,1,1567
ENSG00000140459.20,0.4300976800117346,1,1568
ENSG00000131711.16,0.4299772406250608,1,1569
ENSG00000135931.21,0.42988650268705314,1,1570
ENSG00000177238.16,0.42985379647982985,0,1571
ENSG00000139726.13,0.4296520709898361,0,1572
ENSG00000112499.14,0.4295641297746569,0,1573
ENSG00000169857.11,0.4293640104483098,0,1574
ENSG00000121064.15,0.4291372321819737,0,1575
ENSG00000060688.15,0.4290450480360722,0,1576
ENSG00000103932.14,0.4289973373927812,0,1577
ENSG00000155463.16,0.42888325305829006,1,1578
ENSG00000063761.18,0.42882056193556634,0,1579
ENSG00000157350.15,0.4287799969859922,0,1580
ENSG00000114850.9,0.4285964844775827,0,1581
ENSG00000120055.8,0.42844765956239533,0,1582
ENSG00000197451.14,0.42832468993814726,0,1583
ENSG00000134020.10,0.42831862690957384,0,1584
ENSG00000148300.14,0.42828950837997964,0,1585
ENSG00000237172.6,0.4282805305446427,0,1586
ENSG00000172000.8,0.4279537735637353,0,1587
ENSG00000135540.14,0.42794004270764446,0,1588
ENSG00000233932.8,0.4278168174910524,0,1589
ENSG00000132842.18,0.42778933254180357,1,1590
ENSG00000171450.6,0.42765806641253307,0,1591
ENSG00000134313.19,0.4275039122763083,1,1592
ENSG00000136160.19,0.42747927093724375,1,1593
ENSG00000185721.16,0.4273623480367083,0,1594
ENSG00000086730.19,0.42719421484573467,0,1595
ENSG00000184984.11,0.42716512514259314,0,1596
ENSG00000164867.13,0.427047600811253,0,1597
ENSG00000177034.19,0.42699187492183777,0,1598
ENSG00000117139.20,0.42693473582696834,1,1599
ENSG00000014138.12,0.4268812147718801,1,1600
ENSG00000124813.25,0.42674662250418555,1,1601
ENSG00000233041.10,0.42674441539068503,0,1602
ENSG00000155329.14,0.42661110026853954,0,1603
ENSG00000137460.12,0.4263891915708033,0,1604
ENSG00000225190.14,0.42620490786815474,1,1605
ENSG00000183837.11,0.4260936004599756,0,1606
ENSG00000075391.20,0.42606272554873725,0,1607
ENSG00000054611.16,0.42598488124382444,0,1608
ENSG00000115685.17,0.425877853208567,0,1609
ENSG00000077157.25,0.42568110235717566,0,1610
ENSG00000101412.15,0.4256622653912125,0,1611
ENSG00000171119.5,0.4253338284995319,0,1612
ENSG00000108370.19,0.42528757195163847,1,1613
ENSG00000085662.16,0.425211362413161,0,1614
ENSG00000177663.17,0.4251937520853535,1,1615
ENSG00000173852.18,0.42518967876708996,0,1616
ENSG00000107447.9,0.4251616389006197,0,1617
ENSG00000104691.18,0.42508603270014117,0,1618
ENSG00000104499.8,0.42491518067364203,0,1619
ENSG00000241685.12,0.42480246439327923,0,1620
ENSG00000184860.12,0.42470361168823084,0,1621
ENSG00000145736.17,0.42469900627524765,0,1622
ENSG00000141433.15,0.4246569113132492,0,1623
ENSG00000134389.13,0.42459463736291037,1,1624
ENSG00000155465.23,0.42454740189876056,1,1625
ENSG00000092108.24,0.42449835803735714,0,1626
ENSG00000082175.17,0.42440882299175325,0,1627
ENSG00000106615.12,0.4242041854681991,1,1628
ENSG00000129437.13,0.4241003805369951,0,1629
ENSG00000120457.14,0.42408426893241113,1,1630
ENSG00000129566.15,0.4238577059584081,0,1631
ENSG00000170989.12,0.4237541090239554,0,1632
ENSG00000125691.17,0.4236055898838769,0,1633
ENSG00000142611.18,0.4235773886854353,1,1634
ENSG00000109321.13,0.4227983765149493,0,1635
ENSG00000092345.15,0.422723131733221,1,1636
ENSG00000188306.7,0.42270405181638776,0,1637
ENSG00000121577.16,0.4224487191089576,0,1638
ENSG00000205208.7,0.422437639966224,0,1639
ENSG00000106261.19,0.42223536172906767,0,1640
ENSG00000147650.13,0.4218818729975258,0,1641
ENSG00000052126.19,0.4218799026982492,1,1642
ENSG00000142959.8,0.42186352387700454,0,1643
ENSG00000145979.20,0.4218432206591107,1,1644
ENSG00000164136.19,0.42181162061123173,0,1645
ENSG00000150630.5,0.42168090822846294,1,1646
ENSG00000128513.18,0.42162962498785245,1,1647
ENSG00000100749.11,0.4215997705239943,1,1648
ENSG00000205403.17,0.4214292517737778,1,1649
ENSG00000135111.17,0.42141781583329285,1,1650
ENSG00000188763.5,0.42141687981874226,0,1651
ENSG00000111206.15,0.42118322501339006,0,1652
ENSG00000174796.14,0.42110977479314987,0,1653
ENSG00000177666.19,0.42104914072991145,1,1654
ENSG00000160957.17,0.4210131041831786,1,1655
ENSG00000119953.16,0.4209081159857115,0,1656
ENSG00000100288.22,0.4208129174641327,1,1657
ENSG00000198160.16,0.42080385236665746,0,1658
ENSG00000105221.20,0.4207239184281051,1,1659
ENSG00000130176.10,0.4206915527462267,0,1660
ENSG00000120526.14,0.42053194388988985,0,1661
ENSG00000203943.10,0.4204879967392352,0,1662
ENSG00000135597.21,0.42048129771692927,1,1663
ENSG00000205220.14,0.42043457290114966,1,1664
ENSG00000242866.11,0.42031699379100457,1,1665
ENSG00000143753.16,0.4203118458579998,1,1666
ENSG00000183840.8,0.4202175624213407,0,1667
ENSG00000251192.10,0.42017393369019906,0,1668
ENSG00000109471.5,0.42014806636181795,1,1669
ENSG00000170485.19,0.42012549147307476,0,1670
ENSG00000103253.21,0.420008588067797,0,1671
ENSG00000187955.15,0.41976938784666146,0,1672
ENSG00000116478.15,0.41967684288389834,0,1673
ENSG00000116191.21,0.419644999994129,0,1674
ENSG00000118777.14,0.4193008195535958,0,1675
ENSG00000171604.14,0.41919652034347304,0,1676
ENSG00000143248.15,0.4191585190225573,0,1677
ENSG00000186918.16,0.4190694846321821,0,1678
ENSG00000164885.15,0.41863394173758467,1,1679
ENSG00000163539.21,0.4185150342212383,0,1680
ENSG00000126562.19,0.4185116973970647,1,1681
ENSG00000104894.14,0.4184716722938067,0,1682
ENSG00000022976.18,0.4184530980699026,0,1683
ENSG00000158792.18,0.4182022294692765,0,1684
ENSG00000008311.18,0.4181866780941526,1,1685
ENSG00000167378.12,0.41803721944106237,0,1686
ENSG00000091844.10,0.41775236777981384,0,1687
ENSG00000221946.10,0.4176904748633827,0,1688
ENSG00000175619.3,0.41736166136443104,0,1689
ENSG00000176619.15,0.4173550646390769,1,1690
ENSG00000188095.6,0.41734410257646176,1,1691
ENSG00000196470.14,0.41729137465632204,1,1692
ENSG00000234511.13,0.41720551078477747,0,1693
ENSG00000134321.14,0.41687827611089406,0,1694
ENSG00000092529.27,0.4167004582147027,1,1695
ENSG00000168246.8,0.41665398642573476,0,1696
ENSG00000136819.17,0.4166402049661075,0,1697
ENSG00000175054.18,0.4165101202546464,1,1698
ENSG00000204713.13,0.4162373319707333,0,1699
ENSG00000121957.17,0.41621112407228633,1,1700
ENSG00000068784.15,0.4162051313850846,0,1701
ENSG00000115421.15,0.41616961425136484,0,1702
ENSG00000168904.17,0.41606026440356964,0,1703
ENSG00000166166.15,0.4159869196401636,0,1704
ENSG00000152213.6,0.41586973404183375,0,1705
ENSG00000132600.20,0.41572715211310657,1,1706
ENSG00000104267.12,0.4157019504057191,1,1707
ENSG00000136881.14,0.4156401829743099,1,1708
ENSG00000149599.18,0.41557587993506595,0,1709
ENSG00000165376.14,0.4154907315315881,1,1710
ENSG00000137648.22,0.415367408793385,0,1711
ENSG00000229474.10,0.41521158211516024,1,1712
ENSG00000196092.14,0.4151089539464737,1,1713
ENSG00000076928.22,0.4149854558129313,0,1714
ENSG00000166260.15,0.4149686197135953,1,1715
ENSG00000182979.20,0.41494018707215075,0,1716
ENSG00000171522.8,0.4149084197961272,0,1717
ENSG00000089041.19,0.41477310920105687,0,1718
ENSG00000152229.20,0.41463063686503904,0,1719
ENSG00000134183.15,0.4146149077261077,1,1720
ENSG00000152784.18,0.4145773051197414,1,1721
ENSG00000198853.14,0.4143522433937428,1,1722
ENSG00000186666.7,0.41431021014245367,0,1723
ENSG00000174607.14,0.41417776135050827,0,1724
ENSG00000145526.14,0.4141665148322274,0,1725
ENSG00000184388.6,0.41404454371593563,0,1726
ENSG00000104953.22,0.41392580200459367,1,1727
ENSG00000125378.18,0.4139018067712849,1,1728
ENSG00000168229.5,0.4138748012689755,0,1729
ENSG00000198960.13,0.41385426112427043,0,1730
ENSG00000183715.16,0.4137802794729888,1,1731
ENSG00000164120.15,0.4136453641948416,1,1732
ENSG00000077264.19,0.4135453668602102,1,1733
ENSG00000104129.12,0.4134879992705538,0,1734
ENSG00000136014.14,0.4133278125315871,0,1735
ENSG00000117408.13,0.4132550279250988,0,1736
ENSG00000106565.21,0.4132445182911439,0,1737
ENSG00000150636.19,0.4131702077160149,0,1738
ENSG00000110711.13,0.4130177847871577,1,1739
ENSG00000113758.16,0.41300559216568505,0,1740
ENSG00000102195.10,0.4127751339105801,0,1741
ENSG00000132612.19,0.41271304178538143,1,1742
ENSG00000095261.16,0.4126738671332608,0,1743
ENSG00000243943.12,0.41262160617629456,0,1744
ENSG00000142856.20,0.4125919100083437,0,1745
ENSG00000138675.18,0.4125446797587508,1,1746
ENSG00000072736.20,0.41252940785763453,0,1747
ENSG00000127152.18,0.4123776860690607,1,1748
ENSG00000007038.13,0.41221066577439897,0,1749
ENSG00000156313.16,0.41218109551018767,1,1750
ENSG00000103494.18,0.41202238111493933,1,1751
ENSG00000113712.20,0.41200221008326937,0,1752
ENSG00000120519.18,0.41197066326757037,1,1753
ENSG00000104327.9,0.41184983421655613,0,1754
ENSG00000181788.6,0.41170463666789897,0,1755
ENSG00000136280.19,0.4115426711873,1,1756
ENSG00000176058.15,0.41139769019894096,1,1757
ENSG00000014164.9,0.4113801079183274,0,1758
ENSG00000175110.16,0.4113610129746028,1,1759
ENSG00000185015.9,0.41133660157514,0,1760
ENSG00000170396.9,0.411274236609038,0,1761
ENSG00000198242.16,0.41127354644859787,0,1762
ENSG00000148218.18,0.4112236039672956,1,1763
ENSG00000134283.20,0.41122119168034116,0,1764
ENSG00000062096.17,0.4110385184581067,0,1765
ENSG00000072062.18,0.4110304416823883,1,1766
ENSG00000176406.26,0.4109992613885179,1,1767
ENSG00000070669.19,0.41099384686709084,1,1768
ENSG00000104147.11,0.4109911467416069,0,1769
ENSG00000198951.14,0.41060747312482176,1,1770
ENSG00000086589.14,0.4105690304539591,0,1771
ENSG00000123066.10,0.4104399651249921,1,1772
ENSG00000272031.4,0.41031412631392045,0,1773
ENSG00000188818.14,0.4102683598470083,0,1774
ENSG00000255561.9,0.410145921714453,0,1775
ENSG00000163013.13,0.4100912404858909,0,1776
ENSG00000142686.9,0.4100847345342717,0,1777
ENSG00000166165.16,0.4100481233203488,0,1778
ENSG00000170515.16,0.40994901550234114,0,1779
ENSG00000174197.21,0.40993218780739094,1,1780
ENSG00000131067.19,0.4098260303488881,0,1781
ENSG00000172716.19,0.4097934431891183,0,1782
ENSG00000181467.5,0.4097246887287269,0,1783
ENSG00000009790.17,0.40962826143789693,0,1784
ENSG00000137699.18,0.40960159824648884,0,1785
ENSG00000136840.21,0.40955653748284965,0,1786
ENSG00000187742.17,0.40952657863236475,1,1787
ENSG00000112062.15,0.4094792311118545,0,1788
ENSG00000172780.19,0.40937142826881895,0,1789
ENSG00000144115.20,0.4092620578430031,0,1790
ENSG00000204084.16,0.40910822909165284,0,1791
ENSG00000100395.17,0.4089645949443265,1,1792
ENSG00000160094.17,0.4089301852497765,0,1793
ENSG00000049541.13,0.4089100366739582,0,1794
ENSG00000184956.16,0.4088048229779439,0,1795
ENSG00000115194.13,0.4085808057408353,0,1796
ENSG00000144959.13,0.4085466864425431,0,1797
ENSG00000112992.20,0.4085426959332192,1,1798
ENSG00000170100.16,0.40848198146264353,0,1799
ENSG00000088826.20,0.4081722826882448,0,1800
ENSG00000168785.10,0.4081607444214732,0,1801
ENSG00000113649.16,0.4080343463652112,1,1802
ENSG00000011258.18,0.4079475925970825,0,1803
ENSG00000174306.24,0.4078770599068628,0,1804
ENSG00000239732.5,0.4078323476150378,0,1805
ENSG00000100697.19,0.40781948190949624,1,1806
ENSG00000171723.18,0.407766324399412,1,1807
ENSG00000159640.19,0.4077642421449932,1,1808
ENSG00000127419.19,0.40761772489317866,0,1809
ENSG00000085274.18,0.407530500182014,0,1810
ENSG00000135002.13,0.40749692332720105,0,1811
ENSG00000092758.20,0.40742764612631205,1,1812
ENSG00000168546.13,0.40727183132688927,0,1813
ENSG00000143515.22,0.40725770773572423,0,1814
ENSG00000214140.12,0.40722623533498714,1,1815
ENSG00000138083.6,0.4072142276290021,1,1816
ENSG00000095319.16,0.4070661200316534,1,1817
ENSG00000127564.19,0.4068338952490474,0,1818
ENSG00000163632.15,0.4068069432290124,0,1819
ENSG00000204439.4,0.4066597786790429,0,1820
ENSG00000183049.15,0.40659941180988385,0,1821
ENSG00000115970.21,0.4064495344048356,0,1822
ENSG00000105220.18,0.4062569729610744,1,1823
ENSG00000108854.18,0.4057431669174902,0,1824
ENSG00000175344.21,0.4057242203107119,0,1825
ENSG00000101842.15,0.40569561512239827,0,1826
ENSG00000004776.15,0.40565682599402875,0,1827
ENSG00000012963.17,0.405650373922505,1,1828
ENSG00000145088.11,0.4056045690297438,0,1829
ENSG00000169951.12,0.40551385939063866,0,1830
ENSG00000101846.11,0.4054691130380159,1,1831
ENSG00000156873.18,0.4050446390356912,1,1832
ENSG00000141258.15,0.4050369443801029,0,1833
ENSG00000105438.11,0.40501272393899623,0,1834
ENSG00000197472.16,0.4049374724030761,0,1835
ENSG00000204590.15,0.4049363608553019,0,1836
ENSG00000215845.13,0.404656934357847,0,1837
ENSG00000132329.13,0.404627322268807,0,1838
ENSG00000164164.19,0.404604400388576,0,1839
ENSG00000070731.13,0.4045852891196835,0,1840
ENSG00000101000.8,0.4044580763459556,0,1841
ENSG00000143179.18,0.404402601492485,0,1842
ENSG00000163501.8,0.4043422737383325,1,1843
ENSG00000170390.18,0.4043084485459853,0,1844
ENSG00000114487.10,0.40406246262487494,0,1845
ENSG00000067208.19,0.40382892275443477,0,1846
ENSG00000182973.22,0.40370015935219583,0,1847
ENSG00000173406.18,0.4035975525060846,0,1848
ENSG00000137491.17,0.4035674430314899,0,1849
ENSG00000162944.13,0.4035512046583065,0,1850
ENSG00000110243.14,0.40341555201228885,1,1851
ENSG00000116852.16,0.4033932279435022,0,1852
ENSG00000118707.13,0.40313722774797234,0,1853
ENSG00000169490.19,0.40306681213677203,0,1854
ENSG00000100711.16,0.4029882600644028,0,1855
ENSG00000166573.7,0.40274625133450564,0,1856
ENSG00000198873.14,0.40265388062060886,0,1857
ENSG00000188848.18,0.4025716504041634,0,1858
ENSG00000133627.20,0.4025218263061044,0,1859
ENSG00000151834.18,0.4024980452435753,1,1860
ENSG00000005700.17,0.402496348616076,0,1861
ENSG00000164946.22,0.4023086300009943,1,1862
ENSG00000186111.13,0.4021969975691951,1,1863
ENSG00000111181.15,0.40171031303980526,0,1864
ENSG00000167850.6,0.4016465700239446,0,1865
ENSG00000197299.15,0.40161986365898567,1,1866
ENSG00000019549.14,0.40159564002003406,0,1867
ENSG00000173153.19,0.4015653602892368,0,1868
ENSG00000112787.16,0.40142167991460415,0,1869
ENSG00000113790.13,0.40132661239591805,0,1870
ENSG00000171033.15,0.40129249150378454,0,1871
ENSG00000101311.19,0.4012508238258024,1,1872
ENSG00000181234.11,0.40121152881695926,0,1873
ENSG00000163817.19,0.4012056819701871,0,1874
ENSG00000112182.18,0.40112926052144227,1,1875
ENSG00000144535.22,0.4008616920241535,1,1876
ENSG00000106799.17,0.40078044805689306,1,1877
ENSG00000153208.21,0.40072453154542176,1,1878
ENSG00000204220.14,0.4006525210370781,0,1879
ENSG00000167799.12,0.40062407413396484,0,1880
ENSG00000168061.18,0.4005824669020255,0,1881
ENSG00000124216.5,0.400576721034861,0,1882
ENSG00000149243.18,0.4003553609387402,0,1883
ENSG00000187715.15,0.400246783567251,0,1884
ENSG00000241360.3,0.4001865128174044,0,1885
ENSG00000204961.8,0.40005109331842537,0,1886
ENSG00000186020.15,0.4000402573073805,0,1887
ENSG00000165175.19,0.399784983440318,0,1888
ENSG00000061656.13,0.39976268782793994,0,1889
ENSG00000135045.8,0.39970493681854896,0,1890
ENSG00000117174.13,0.399668338430136,0,1891
ENSG00000197891.13,0.39950420563957595,1,1892
ENSG00000143067.6,0.39948730425093276,0,1893
ENSG00000082684.18,0.39921516326576784,0,1894
ENSG00000105258.10,0.39917014179031685,0,1895
ENSG00000157379.16,0.39907390314990265,0,1896
ENSG00000181915.6,0.3990425135290166,0,1897
ENSG00000173442.15,0.3990030508617581,0,1898
ENSG00000102837.8,0.3989672108740641,0,1899
ENSG00000143727.18,0.39886447959568466,0,1900
ENSG00000113068.12,0.3987640081615244,0,1901
ENSG00000099822.3,0.3987063189174556,1,1902
ENSG00000175164.16,0.3984823698878959,0,1903
ENSG00000183807.10,0.3982645153507263,0,1904
ENSG00000080573.8,0.39822538072363506,0,1905
ENSG00000133731.12,0.39822454174598754,1,1906
ENSG00000166159.12,0.39818710997406764,0,1907
ENSG00000198835.6,0.398118588876486,1,1908
ENSG00000113368.14,0.39792845770215135,1,1909
ENSG00000183579.18,0.39786909271201654,1,1910
ENSG00000116497.20,0.3978128332728086,0,1911
ENSG00000128965.14,0.39778400671745745,0,1912
ENSG00000205155.10,0.3973939023504163,1,1913
ENSG00000072401.17,0.39712253515287754,0,1914
ENSG00000175161.15,0.39703089790542095,0,1915
ENSG00000165269.15,0.3969600444123005,0,1916
ENSG00000178821.15,0.3968502885257997,0,1917
ENSG00000196071.6,0.3966363027847473,0,1918
ENSG00000171100.18,0.39655878536471945,1,1919
ENSG00000185219.20,0.39655484160942395,0,1920
ENSG00000142552.10,0.39654591146917845,0,1921
ENSG00000173253.18,0.396358434109594,1,1922
ENSG00000163380.18,0.3962946551389836,1,1923
ENSG00000183891.8,0.39608434430806255,0,1924
ENSG00000157322.20,0.3960229080447489,0,1925
ENSG00000240563.5,0.39600048240082764,0,1926
ENSG00000172031.9,0.3959694619404339,0,1927
ENSG00000149929.18,0.3959476442362086,0,1928
ENSG00000135404.14,0.3958986092353854,1,1929
ENSG00000187010.22,0.3958467828335617,1,1930
ENSG00000105875.17,0.3957429528941234,1,1931
ENSG00000103313.16,0.3957105463403654,1,1932
ENSG00000024526.19,0.3956501924456913,0,1933
ENSG00000020577.16,0.3955800213864545,0,1934
ENSG00000123576.5,0.3954162821478672,0,1935
ENSG00000137124.10,0.3954148336579042,0,1936
ENSG00000161281.12,0.3953938950556541,0,1937
ENSG00000163155.12,0.39525866128776976,0,1938
ENSG00000110484.7,0.3952027710879163,0,1939
ENSG00000163960.15,0.3951902343164419,0,1940
ENSG00000108700.5,0.39492007125243633,0,1941
ENSG00000147687.21,0.39482578991359535,0,1942
ENSG00000158553.5,0.39474772838365824,0,1943
ENSG00000166323.15,0.3947407011956056,0,1944
ENSG00000002587.12,0.3947115069971716,0,1945
ENSG00000143028.11,0.39468163323781846,0,1946
ENSG00000205502.6,0.3946320191254237,0,1947
ENSG00000078967.15,0.39452575858898015,0,1948
ENSG00000142039.6,0.3945091396496582,0,1949
ENSG00000135870.15,0.39438665275863954,1,1950
ENSG00000064995.21,0.3940302009108179,0,1951
ENSG00000159337.8,0.39359398740954776,0,1952
ENSG00000074276.13,0.3934816227028597,0,1953
ENSG00000106258.18,0.39336097536088815,0,1954
ENSG00000104901.8,0.39304749877142847,0,1955
ENSG00000145779.9,0.39304474904897363,0,1956
ENSG00000103449.15,0.39302426011871106,1,1957
ENSG00000206150.4,0.39300937190169094,0,1958
ENSG00000106077.21,0.3928476631002484,0,1959
ENSG00000166313.22,0.39266946534464026,1,1960
ENSG00000163918.14,0.39215760673603456,1,1961
ENSG00000151322.21,0.3920873743405792,0,1962
ENSG00000168748.15,0.39200780299532734,0,1963
ENSG00000169618.8,0.3919320874084085,0,1964
ENSG00000154309.11,0.39154763474853427,1,1965
ENSG00000228716.9,0.3907124066368648,1,1966
ENSG00000054803.5,0.3906836445357133,0,1967
ENSG00000100228.16,0.3905430199962307,0,1968
ENSG00000073734.12,0.39043549422299956,1,1969
ENSG00000166171.15,0.39038133250655555,0,1970
ENSG00000188735.14,0.39032898233577823,0,1971
ENSG00000146360.10,0.3901089428434412,0,1972
ENSG00000156603.22,0.39010299707886475,0,1973
ENSG00000177370.7,0.39007561389219864,1,1974
ENSG00000134709.15,0.38996538148011045,0,1975
ENSG00000106683.17,0.38994666565941144,1,1976
ENSG00000087152.18,0.3897423744484683,0,1977
ENSG00000115884.13,0.3896056327741053,0,1978
ENSG00000144746.9,0.38959333180788375,0,1979
ENSG00000172318.8,0.3893427147179096,1,1980
ENSG00000159082.20,0.38933569738568047,1,1981
ENSG00000101162.5,0.3893116244346109,1,1982
ENSG00000233670.9,0.3892364750015176,0,1983
ENSG00000169427.9,0.3892297908482134,1,1984
ENSG00000188385.14,0.38911266158652286,0,1985
ENSG00000185527.13,0.38894763937825777,1,1986
ENSG00000124279.14,0.38890093733708575,0,1987
ENSG00000171772.19,0.3888977255747997,1,1988
ENSG00000175471.20,0.3887824921265873,0,1989
ENSG00000138182.17,0.38870665038280056,0,1990
ENSG00000108798.11,0.388688683565275,0,1991
ENSG00000125733.20,0.38857056733390133,0,1992
ENSG00000185220.14,0.38853951565372485,0,1993
ENSG00000255501.3,0.38845701478934225,0,1994
ENSG00000123453.21,0.3884183434482081,1,1995
ENSG00000170927.16,0.3884026613167806,1,1996
ENSG00000136573.17,0.38822365843938006,1,1997
ENSG00000120727.15,0.38819679169657983,0,1998
ENSG00000204099.14,0.387958753727563,0,1999
ENSG00000185798.10,0.38769366127709987,0,2000
ENSG00000171724.4,0.3874775789809956,0,2001
ENSG00000242259.11,0.3874488626283766,0,2002
ENSG00000180332.7,0.3874261177816944,0,2003
ENSG00000104356.13,0.3873603296059877,1,2004
ENSG00000144362.14,0.3871779698947495,0,2005
ENSG00000104907.15,0.38717007515612867,1,2006
ENSG00000168566.15,0.3870663514100375,0,2007
ENSG00000129255.18,0.3870261121760292,1,2008
ENSG00000133111.5,0.38695275842552174,1,2009
ENSG00000064933.21,0.3869186425948245,1,2010
ENSG00000137747.18,0.38691074454413243,0,2011
ENSG00000110917.11,0.3866038913286621,0,2012
ENSG00000072864.18,0.386336138669412,1,2013
ENSG00000120910.17,0.38627854762198005,0,2014
ENSG00000070785.19,0.38625546127842236,1,2015
ENSG00000149761.11,0.38624537024889255,0,2016
ENSG00000116690.15,0.3862394235246669,1,2017
ENSG00000198585.13,0.38609582432073825,0,2018
ENSG00000164919.13,0.3857578623070761,0,2019
ENSG00000134443.11,0.38572204827527995,0,2020
ENSG00000071994.12,0.3857171941438405,0,2021
ENSG00000136271.13,0.38571048267651137,0,2022
ENSG00000121851.15,0.3855053533142149,1,2023
ENSG00000184005.13,0.3854850151787616,0,2024
ENSG00000173868.13,0.3850981683039332,0,2025
ENSG00000140557.14,0.38506522231402535,0,2026
ENSG00000164187.9,0.38500361344679196,1,2027
ENSG00000154080.16,0.38497919332401115,0,2028
ENSG00000184925.14,0.3847231678730352,0,2029
ENSG00000170498.12,0.38468276987897937,1,2030
ENSG00000164188.11,0.3845478319000823,0,2031
ENSG00000134222.18,0.38446575102552805,0,2032
ENSG00000183150.10,0.38426432771845204,0,2033
ENSG00000189127.10,0.384204761928226,0,2034
ENSG00000157315.7,0.3840338578625963,0,2035
ENSG00000186818.15,0.38387760776207136,0,2036
ENSG00000109072.16,0.383638233052825,0,2037
ENSG00000164300.20,0.3836291072682912,0,2038
ENSG00000188234.17,0.38358766668798533,0,2039
ENSG00000066027.14,0.3834651570606997,0,2040
ENSG00000205937.13,0.3834322564433343,0,2041
ENSG00000095464.11,0.3834307362967669,1,2042
ENSG00000188566.17,0.383367487622533,0,2043
ENSG00000171657.8,0.38311950015178553,0,2044
ENSG00000164347.20,0.38311582005828454,1,2045
ENSG00000078814.21,0.3830955443224586,1,2046
ENSG00000162641.20,0.38302745284609396,0,2047
ENSG00000213402.3,0.38267289117671516,0,2048
ENSG00000184478.8,0.3825967029793627,0,2049
ENSG00000138750.18,0.38245190644743693,1,2050
ENSG00000180251.6,0.3824451376161964,0,2051
ENSG00000115652.17,0.3823340257263341,0,2052
ENSG00000089022.16,0.38227142153142624,1,2053
ENSG00000162493.19,0.3819476118319021,0,2054
ENSG00000148798.13,0.3817840673795378,0,2055
ENSG00000170484.11,0.381744504943966,1,2056
ENSG00000183628.16,0.38170261656208154,0,2057
ENSG00000167614.16,0.38160953345020365,0,2058
ENSG00000140386.15,0.3814908654337203,1,2059
ENSG00000008256.19,0.3814622212250607,0,2060
ENSG00000159958.8,0.381281361801933,1,2061
ENSG00000158186.15,0.3809496456458972,0,2062
ENSG00000128266.11,0.3808809349949263,0,2063
ENSG00000152402.12,0.38034845748052115,0,2064
ENSG00000130717.15,0.38034318988104127,0,2065
ENSG00000064490.16,0.3802493369698176,1,2066
ENSG00000117697.17,0.3802153790670732,0,2067
ENSG00000182795.15,0.3802030783975568,0,2068
ENSG00000244687.15,0.3799116046283662,0,2069
ENSG00000018280.20,0.37987491948862034,0,2070
ENSG00000150048.12,0.37972956017725307,0,2071
ENSG00000185862.9,0.3797153778331244,0,2072
ENSG00000213903.11,0.37964625457531054,0,2073
ENSG00000198089.18,0.3795520305344671,0,2074
ENSG00000196247.15,0.37948787928220845,0,2075
ENSG00000152061.25,0.37931988838160485,0,2076
ENSG00000215595.3,0.37910480701130633,0,2077
ENSG00000136936.13,0.3790762838228489,1,2078
ENSG00000156103.17,0.378923256968902,0,2079
ENSG00000166428.16,0.37888178680285706,0,2080
ENSG00000134852.17,0.37885488896925956,0,2081
ENSG00000157741.17,0.37878323516763296,0,2082
ENSG00000106852.17,0.3786785409870592,0,2083
ENSG00000179071.5,0.378628440781639,0,2084
ENSG00000102312.26,0.3783442067257276,1,2085
ENSG00000276043.7,0.3782535587471903,0,2086
ENSG00000213413.4,0.37814773641687527,0,2087
ENSG00000228278.7,0.3781319476721475,0,2088
ENSG00000152056.20,0.37809779094277074,0,2089
ENSG00000185105.6,0.37807274554397036,0,2090
ENSG00000187258.14,0.3779522652843521,0,2091
ENSG00000204542.4,0.3776319198373425,0,2092
ENSG00000117226.15,0.3776289411417242,0,2093
ENSG00000185651.18,0.3775484296016291,0,2094
ENSG00000131323.19,0.37752082892819455,1,2095
ENSG00000100991.14,0.37747045017768693,0,2096
ENSG00000170262.15,0.3774175247935834,1,2097
ENSG00000152465.20,0.3774102812560785,0,2098
ENSG00000155729.15,0.3770117662110702,0,2099
ENSG00000141252.22,0.3768275679416875,1,2100
ENSG00000143622.14,0.3767811047897441,1,2101
ENSG00000112559.17,0.37676112250053667,0,2102
ENSG00000198765.13,0.37666907258816756,0,2103
ENSG00000148143.15,0.37660396294170567,1,2104
ENSG00000095970.19,0.37659951592822183,1,2105
ENSG00000160185.16,0.3765965696874596,0,2106
ENSG00000109046.17,0.37654628536786333,0,2107
ENSG00000197562.12,0.3763956239712287,0,2108
ENSG00000164756.13,0.37635211572806987,0,2109
ENSG00000034971.19,0.37625528693001303,1,2110
ENSG00000163964.19,0.37620326616591643,0,2111
ENSG00000184545.13,0.3761103748725274,0,2112
ENSG00000164509.17,0.37608313764713436,1,2113
ENSG00000131791.10,0.3758771037270134,0,2114
ENSG00000007372.26,0.37579013743567335,1,2115
ENSG00000205362.13,0.37566991310404574,0,2116
ENSG00000095951.20,0.37551909631849556,0,2117
ENSG00000186150.5,0.3754918018967597,0,2118
ENSG00000146411.8,0.3754790266965875,0,2119
ENSG00000158639.14,0.37531709234373595,0,2120
ENSG00000076641.6,0.3753051903820641,0,2121
ENSG00000149084.15,0.3752462061010166,0,2122
ENSG00000158161.18,0.37518260109910845,0,2123
ENSG00000123892.14,0.37484749273192075,0,2124
ENSG00000070808.19,0.3747525225384223,1,2125
ENSG00000152484.16,0.3746957678956617,0,2126
ENSG00000092054.16,0.3745955657941203,1,2127
ENSG00000197006.17,0.3742253184909103,0,2128
ENSG00000154438.8,0.3740979009394056,0,2129
ENSG00000180979.12,0.37407545488290744,0,2130
ENSG00000204347.5,0.3737266421127062,0,2131
ENSG00000183960.11,0.37322838380111617,0,2132
ENSG00000088002.13,0.37320647019752795,1,2133
ENSG00000176842.18,0.37318581168994625,1,2134
ENSG00000158615.10,0.372932172840657,0,2135
ENSG00000110330.12,0.3728802449038991,0,2136
ENSG00000048140.20,0.3728251289452387,0,2137
ENSG00000204616.13,0.3726818723221481,0,2138
ENSG00000254505.13,0.37256244619690976,0,2139
ENSG00000114268.14,0.37248595499465437,0,2140
ENSG00000179111.10,0.3724855693355424,1,2141
ENSG00000116985.13,0.3723929416773326,0,2142
ENSG00000130856.19,0.3722990048468103,0,2143
ENSG00000129993.16,0.3722375951211576,0,2144
ENSG00000166558.13,0.372154822777269,1,2145
ENSG00000166788.12,0.37206877865715526,0,2146
ENSG00000170516.18,0.37190972399430144,0,2147
ENSG00000204569.12,0.3716939779180127,0,2148
ENSG00000172733.13,0.37163461271550485,0,2149
ENSG00000203772.9,0.37158279221239815,0,2150
ENSG00000131941.9,0.3715697806954999,0,2151
ENSG00000166801.19,0.3714388466870106,1,2152
ENSG00000158055.18,0.37120691571434544,1,2153
ENSG00000141540.13,0.3710689041535408,0,2154
ENSG00000168065.17,0.37065966749169915,0,2155
ENSG00000198742.12,0.3706068062967099,0,2156
ENSG00000170310.17,0.3703514815626779,0,2157
ENSG00000155016.20,0.3703506251647692,1,2158
ENSG00000119403.17,0.3703400449007603,0,2159
ENSG00000173011.13,0.3702661007839792,0,2160
ENSG00000143321.19,0.3701932297914303,0,2161
ENSG00000184908.22,0.3701081119404599,1,2162
ENSG00000013392.10,0.3700340233291044,0,2163
ENSG00000012822.18,0.3698650886837375,0,2164
ENSG00000089157.18,0.3696419250812271,0,2165
ENSG00000106992.21,0.3695716898226073,1,2166
ENSG00000102897.12,0.36951022221388613,0,2167
ENSG00000132470.16,0.36938427960863596,1,2168
ENSG00000007264.17,0.36913239964614525,0,2169
ENSG00000123407.4,0.36905703450162314,0,2170
ENSG00000142765.20,0.3689908904669548,0,2171
ENSG00000163877.12,0.3689430335302883,0,2172
ENSG00000011132.14,0.3688602268882985,0,2173
ENSG00000111837.12,0.36864208189672665,1,2174
ENSG00000205076.6,0.36849025097352217,0,2175
ENSG00000161647.21,0.3684855262431894,0,2176
ENSG00000172548.16,0.36842290660972105,1,2177
ENSG00000139168.11,0.368389326186799,0,2178
ENSG00000103343.15,0.36836523400527915,0,2179
ENSG00000183785.18,0.368078337619311,1,2180
ENSG00000125818.20,0.36742739716579526,0,2181
ENSG00000166415.17,0.3673171305618476,1,2182
ENSG00000139800.9,0.36731273587139185,0,2183
ENSG00000163684.13,0.3672197112085553,0,2184
ENSG00000104218.18,0.3671925714965523,1,2185
ENSG00000105639.22,0.3671833694838904,1,2186
ENSG00000177294.8,0.36714802096162424,0,2187
ENSG00000131503.23,0.3670674683484038,0,2188
ENSG00000131737.7,0.3667649999286527,0,2189
ENSG00000249715.13,0.3665813784598923,0,2190
ENSG00000182511.14,0.36640439885755116,0,2191
ENSG00000128694.14,0.3662256502134255,0,2192
ENSG00000115602.19,0.36606418704198346,0,2193
ENSG00000148291.12,0.3659202735633495,0,2194
ENSG00000065665.23,0.3658856246263043,0,2195
ENSG00000176971.4,0.36578111132725244,0,2196
ENSG00000169154.8,0.36571016978876786,0,2197
ENSG00000110013.15,0.36569273545143366,0,2198
ENSG00000188730.7,0.3656395698960926,0,2199
ENSG00000120314.20,0.3656284268322984,0,2200
ENSG00000171428.17,0.36556017427567156,0,2201
ENSG00000150625.19,0.3654875258655816,0,2202
ENSG00000125386.18,0.3654442225071411,0,2203
ENSG00000134899.26,0.36536243001999597,1,2204
ENSG00000179387.12,0.36534617279026665,0,2205
ENSG00000140451.15,0.36493240640801305,0,2206
ENSG00000175984.18,0.36490553395728015,0,2207
ENSG00000237136.9,0.3648369089819714,0,2208
ENSG00000110079.21,0.3647010957035422,0,2209
ENSG00000152467.11,0.36448573768766207,0,2210
ENSG00000204248.14,0.3639634229836874,1,2211
ENSG00000099864.20,0.3638222015943211,0,2212
ENSG00000110693.21,0.3637175713138363,1,2213
ENSG00000153015.18,0.3636786548841952,1,2214
ENSG00000148584.18,0.36361134431406733,0,2215
ENSG00000130332.17,0.3635808480345309,1,2216
ENSG00000037637.13,0.3631636722422151,0,2217
ENSG00000087116.19,0.36308442557650955,1,2218
ENSG00000164087.10,0.363072745764752,1,2219
ENSG00000205846.5,0.36264608155484573,0,2220
ENSG00000143921.11,0.362613436335324,1,2221
ENSG00000096093.18,0.3625655871364733,1,2222
ENSG00000107779.18,0.3625141080533001,1,2223
ENSG00000168591.18,0.3624657566009621,0,2224
ENSG00000101204.19,0.3623934951354983,1,2225
ENSG00000169905.15,0.3622917483712351,0,2226
ENSG00000114209.17,0.3621746227339134,1,2227
ENSG00000101638.16,0.361963498597339,0,2228
ENSG00000184792.18,0.36194829096544145,0,2229
ENSG00000069869.19,0.36157311873629966,0,2230
ENSG00000226742.6,0.3615431134650026,0,2231
ENSG00000175311.8,0.36138620141903827,0,2232
ENSG00000186675.7,0.3613812889821825,0,2233
ENSG00000273111.7,0.3611365269672866,0,2234
ENSG00000126259.22,0.3610953921901448,0,2235
ENSG00000185236.14,0.3610649539158472,1,2236
ENSG00000244623.2,0.3609911930917211,0,2237
ENSG00000215915.10,0.3609354130263999,0,2238
ENSG00000188215.12,0.3604896779692382,0,2239
ENSG00000067533.8,0.36011288015191684,0,2240
ENSG00000148225.19,0.3599589777524157,0,2241
ENSG00000130699.20,0.35959376081681255,1,2242
ENSG00000178031.20,0.35957954540551773,0,2243
ENSG00000169059.14,0.3595166038338815,0,2244
ENSG00000182459.6,0.35939390965383594,0,2245
ENSG00000124466.9,0.3593075439829632,0,2246
ENSG00000169258.9,0.35925816881212924,0,2247
ENSG00000243927.8,0.35924598337018515,0,2248
ENSG00000134884.17,0.35922061974523584,0,2249
ENSG00000105419.20,0.35902797157711924,0,2250
ENSG00000001631.19,0.35898937201980546,1,2251
ENSG00000163961.5,0.3589332875129904,1,2252
ENSG00000125508.5,0.35872961380935703,0,2253
ENSG00000116095.13,0.35869065011827955,1,2254
ENSG00000125966.12,0.35864630591510194,0,2255
ENSG00000172867.4,0.3583267193389572,1,2256
ENSG00000088727.16,0.35812097857819025,0,2257
ENSG00000076321.13,0.3581161884191448,1,2258
ENSG00000110422.14,0.35783229551723283,0,2259
ENSG00000136718.12,0.3577982430193458,0,2260
ENSG00000204882.6,0.3574785860222461,0,2261
ENSG00000197008.11,0.357435833884365,0,2262
ENSG00000010282.17,0.3574164219575497,0,2263
ENSG00000124019.12,0.3574130931103608,0,2264
ENSG00000151790.11,0.35737860160667206,0,2265
ENSG00000068971.16,0.3572963633717863,0,2266
ENSG00000170006.15,0.3572917728236084,0,2267
ENSG00000152463.17,0.3572726188697704,0,2268
ENSG00000132481.9,0.3571856582201862,0,2269
ENSG00000178764.10,0.3571537369806886,0,2270
ENSG00000144744.20,0.3570667718706839,0,2271
ENSG00000125798.17,0.35703680516116343,0,2272
ENSG00000114491.16,0.3570100220964533,1,2273
ENSG00000165973.21,0.35693588828507533,0,2274
ENSG00000162694.16,0.35670602213170644,0,2275
ENSG00000143554.16,0.356556966126435,0,2276
ENSG00000206052.13,0.3564138805244766,0,2277
ENSG00000135968.24,0.3563362349154377,0,2278
ENSG00000179562.4,0.35632148879651765,0,2279
ENSG00000102967.14,0.356180153451616,1,2280
ENSG00000171316.16,0.35609634947364194,1,2281
ENSG00000179965.14,0.3557640589128197,0,2282
ENSG00000068831.21,0.3554598932859401,1,2283
ENSG00000179314.19,0.3553812486769954,0,2284
ENSG00000100344.13,0.35526039340518917,0,2285
ENSG00000132840.12,0.35521781503627964,0,2286
ENSG00000187553.10,0.355157318802969,1,2287
ENSG00000183098.12,0.3550565131515475,1,2288
ENSG00000108375.15,0.35494882239006903,1,2289
ENSG00000162999.14,0.35492030721690365,0,2290
ENSG00000081052.15,0.3549155594690201,1,2291
ENSG00000197162.12,0.354755757876353,0,2292
ENSG00000104892.19,0.35473847436212597,0,2293
ENSG00000165312.7,0.3547234476457583,0,2294
ENSG00000169087.13,0.3544737006237559,0,2295
ENSG00000172554.14,0.35428432614255384,0,2296
ENSG00000129472.16,0.3541741631819526,0,2297
ENSG00000065618.23,0.35404298000081474,1,2298
ENSG00000102924.14,0.353851467422227,0,2299
ENSG00000169598.19,0.3537194221877577,0,2300
ENSG00000102606.22,0.35367980556204853,0,2301
ENSG00000113262.16,0.35363770344141704,1,2302
ENSG00000166845.17,0.35354749810795916,0,2303
ENSG00000011243.21,0.35322782932654206,0,2304
ENSG00000142864.17,0.35277962295020243,0,2305
ENSG00000125503.15,0.35263470769061106,0,2306
ENSG00000080618.19,0.35255407491298785,0,2307
ENSG00000182916.10,0.3522841549262965,0,2308
ENSG00000103241.8,0.3521524877252243,1,2309
ENSG00000133812.20,0.35204403557700115,1,2310
ENSG00000131730.18,0.35192942428546825,0,2311
ENSG00000100092.25,0.3519071567089791,0,2312
ENSG00000164068.18,0.35188330772991266,0,2313
ENSG00000105726.19,0.3518438295506199,0,2314
ENSG00000100739.13,0.3517583801294899,0,2315
ENSG00000205364.6,0.35174005903931144,0,2316
ENSG00000162931.14,0.3515474758179537,0,2317
ENSG00000077238.16,0.3513856535679678,0,2318
ENSG00000073331.20,0.35116109986745886,1,2319
ENSG00000183542.8,0.351009166525162,0,2320
ENSG00000119509.15,0.3509691297641426,1,2321
ENSG00000112874.12,0.3509519384265671,0,2322
ENSG00000184162.17,0.3506553509661105,0,2323
ENSG00000134138.24,0.3505296044763482,1,2324
ENSG00000156269.5,0.35044930693454224,0,2325
ENSG00000173171.16,0.3503975072983098,0,2326
ENSG00000023318.11,0.3499416229308721,0,2327
ENSG00000100321.17,0.34982932109741033,0,2328
ENSG00000186723.4,0.3497662799368306,0,2329
ENSG00000225556.3,0.34974889946159754,0,2330
ENSG00000180822.14,0.34971916173448375,0,2331
ENSG00000114026.23,0.34960048013572215,0,2332
ENSG00000269190.8,0.34954763894035007,0,2333
ENSG00000257520.2,0.34952064100899455,0,2334
ENSG00000137434.14,0.34947285384998844,0,2335
ENSG00000213930.14,0.34924792931593823,1,2336
ENSG00000170099.8,0.3489851604286631,1,2337
ENSG00000139190.18,0.3488570690422505,1,2338
ENSG00000154721.17,0.348850082654129,1,2339
ENSG00000121380.14,0.3485836299012268,0,2340
ENSG00000159217.12,0.3485025027430327,0,2341
ENSG00000156502.16,0.3482653394804783,0,2342
ENSG00000081803.19,0.34813355770839305,0,2343
ENSG00000130675.16,0.347899945224387,1,2344
ENSG00000101958.14,0.34778567513796305,1,2345
ENSG00000164342.16,0.3475460204581866,0,2346
ENSG00000101307.18,0.34700715374435137,0,2347
ENSG00000137975.9,0.34698148042297444,0,2348
ENSG00000108244.18,0.34691335806335233,0,2349
ENSG00000066185.15,0.34678283939697274,0,2350
ENSG00000166173.12,0.34650305951473337,0,2351
ENSG00000162992.6,0.3464668542694091,1,2352
ENSG00000183340.9,0.3463788666765763,0,2353
ENSG00000137473.21,0.34632398547774795,1,2354
ENSG00000105675.10,0.34629425598089797,0,2355
ENSG00000168679.20,0.3460649948132595,0,2356
ENSG00000186787.12,0.3455274487341054,0,2357
ENSG00000187566.6,0.3454510244489009,1,2358
ENSG00000187726.11,0.34541166247050015,1,2359
ENSG00000118263.18,0.3453753101621156,1,2360
ENSG00000111325.18,0.3450130222751504,0,2361
ENSG00000178217.15,0.34500377654414177,0,2362
ENSG00000266338.9,0.34497312762501436,0,2363
ENSG00000171360.4,0.3449234669560208,0,2364
ENSG00000081041.11,0.34475557343924756,0,2365
ENSG00000023734.13,0.344740833522075,0,2366
ENSG00000186912.7,0.34465787086516303,0,2367
ENSG00000115297.11,0.34455105481757003,0,2368
ENSG00000159685.13,0.34454249983175744,0,2369
ENSG00000242362.2,0.3445412471754942,0,2370
ENSG00000122507.23,0.34442448948259274,1,2371
ENSG00000133398.6,0.3443465491496766,0,2372
ENSG00000126091.23,0.34425927538827805,1,2373
ENSG00000135144.10,0.34425034553258266,0,2374
ENSG00000171045.18,0.34378025254843636,0,2375
ENSG00000165244.8,0.34328337501817985,0,2376
ENSG00000172819.19,0.34313235940195436,0,2377
ENSG00000166750.12,0.3420386483574387,0,2378
ENSG00000136305.14,0.3418890993865988,0,2379
ENSG00000151952.17,0.34181907414372253,0,2380
ENSG00000165617.17,0.34147965178832296,1,2381
ENSG00000131409.14,0.3408948911059188,0,2382
ENSG00000133065.13,0.340839953930631,1,2383
ENSG00000162620.17,0.34072137173323097,0,2384
ENSG00000113194.15,0.3405635341972224,0,2385
ENSG00000178718.7,0.3404131588869843,0,2386
ENSG00000062822.18,0.3401314904134359,1,2387
ENSG00000277399.6,0.3398280915385314,1,2388
ENSG00000069424.17,0.3397021425682043,0,2389
ENSG00000236609.6,0.33968774589285644,0,2390
ENSG00000140743.10,0.3396328709872754,0,2391
ENSG00000169962.6,0.33950667162935727,0,2392
ENSG00000145246.16,0.339312634579269,0,2393
ENSG00000071073.15,0.339242645380379,0,2394
ENSG00000189134.4,0.33916122226785084,0,2395
ENSG00000151117.10,0.338995658774234,0,2396
ENSG00000185386.17,0.3389187812171164,0,2397
ENSG00000185176.13,0.33870270624293664,0,2398
ENSG00000214021.20,0.33869954069366465,0,2399
ENSG00000188039.17,0.338679792597169,0,2400
ENSG00000167077.15,0.3386683977873009,1,2401
ENSG00000104814.14,0.3386048706367484,0,2402
ENSG00000021355.15,0.3384876850502582,0,2403
ENSG00000108852.18,0.33826912780804536,0,2404
ENSG00000144134.21,0.33763790851332015,0,2405
ENSG00000122574.14,0.3375878153323191,0,2406
ENSG00000168676.12,0.33753127328238325,0,2407
ENSG00000163472.21,0.3374260263134125,0,2408
ENSG00000144852.21,0.33725994784441493,0,2409
ENSG00000143147.17,0.3372538797893427,1,2410
ENSG00000241058.5,0.33717407543407485,1,2411
ENSG00000158987.24,0.3369889089461722,0,2412
ENSG00000198932.15,0.33675499032139183,0,2413
ENSG00000119689.17,0.3367308989281424,0,2414
ENSG00000174791.13,0.3365696347391622,0,2415
ENSG00000198010.14,0.33642297054980236,0,2416
ENSG00000196188.14,0.3362158228783809,0,2417
ENSG00000116918.17,0.33605518257035727,0,2418
ENSG00000165355.10,0.33601003822153125,0,2419
ENSG00000118156.14,0.33580394696682875,0,2420
ENSG00000149743.16,0.33552353611184643,0,2421
ENSG00000132681.18,0.335507538206816,0,2422
ENSG00000198746.15,0.3354863115377745,0,2423
ENSG00000099399.7,0.3354431713940002,0,2424
ENSG00000011677.15,0.3353496738522865,1,2425
ENSG00000075884.16,0.3353011939395265,0,2426
ENSG00000173275.15,0.3352384100029755,0,2427
ENSG00000188312.16,0.335220912733716,0,2428
ENSG00000188580.17,0.3351268956585512,0,2429
ENSG00000151365.4,0.3348740603970532,0,2430
ENSG00000185155.13,0.3346858282409864,0,2431
ENSG00000164932.15,0.3346498226541809,1,2432
ENSG00000167994.15,0.33457096759519095,0,2433
ENSG00000187800.16,0.33455843451235934,0,2434
ENSG00000171219.11,0.33446953185115075,0,2435
ENSG00000103534.19,0.3344093197111431,0,2436
ENSG00000147127.9,0.33431361013394506,0,2437
ENSG00000132744.10,0.3342407352579691,0,2438
ENSG00000125611.17,0.33417028229010765,0,2439
ENSG00000078487.20,0.33410714236993994,0,2440
ENSG00000136099.13,0.3340124596055716,0,2441
ENSG00000113282.16,0.3339427598503207,0,2442
ENSG00000120705.15,0.33366120648271885,0,2443
ENSG00000181562.5,0.33350084707724176,0,2444
ENSG00000153933.12,0.3334492633387707,1,2445
ENSG00000184661.16,0.3333973371144317,0,2446
ENSG00000119523.12,0.333366760795087,1,2447
ENSG00000219481.11,0.3325827604429859,0,2448
ENSG00000100938.21,0.33234868872205997,0,2449
ENSG00000176715.19,0.33182170989673704,1,2450
ENSG00000146802.15,0.33168208028651397,0,2451
ENSG00000007516.17,0.3316416397495474,0,2452
ENSG00000197272.3,0.3311205738964111,0,2453
ENSG00000110696.12,0.3310491605325548,0,2454
ENSG00000171174.17,0.3305976723678347,0,2455
ENSG00000065320.11,0.33052874633318713,1,2456
ENSG00000206432.5,0.330514071304771,0,2457
ENSG00000135070.16,0.33049837470263954,1,2458
ENSG00000087253.15,0.33048930879422295,1,2459
ENSG00000122026.14,0.330465894452804,1,2460
ENSG00000146192.18,0.33020198457989813,0,2461
ENSG00000177464.7,0.3301915130261918,0,2462
ENSG00000165650.14,0.3300224508937788,1,2463
ENSG00000099617.4,0.329898017231215,0,2464
ENSG00000187912.12,0.3298243449700385,0,2465
ENSG00000169297.9,0.32958699567891975,1,2466
ENSG00000076344.18,0.32958659161335246,0,2467
ENSG00000139437.20,0.3295282227182348,0,2468
ENSG00000149970.17,0.32940289068429945,1,2469
ENSG00000165694.11,0.3289779916258407,1,2470
ENSG00000113108.22,0.3289139946268958,0,2471
ENSG00000181804.17,0.3288815019563869,1,2472
ENSG00000182010.13,0.32884805175474857,0,2473
ENSG00000184470.22,0.32861780958715686,0,2474
ENSG00000158748.5,0.3284868418671676,0,2475
ENSG00000129460.19,0.32821831931483314,0,2476
ENSG00000160712.15,0.32819463591821735,1,2477
ENSG00000172938.3,0.3280759283610568,0,2478
ENSG00000206384.12,0.32797738514686076,0,2479
ENSG00000172215.8,0.3276024087208835,0,2480
ENSG00000185104.23,0.32756649010080663,0,2481
ENSG00000107164.19,0.32754514605210233,0,2482
ENSG00000167384.13,0.3275349720358988,0,2483
ENSG00000182489.10,0.32749420115526096,0,2484
ENSG00000154920.17,0.32706416317773845,0,2485
ENSG00000151876.15,0.3269827236349205,0,2486
ENSG00000169676.7,0.32689338912680715,0,2487
ENSG00000229937.9,0.32676213633071516,0,2488
ENSG00000030110.16,0.32664306291854306,0,2489
ENSG00000124157.8,0.32657841114501984,0,2490
ENSG00000127328.24,0.32648722207165387,0,2491
ENSG00000112799.11,0.3261870544573845,0,2492
ENSG00000131781.15,0.3260053344414037,0,2493
ENSG00000099365.13,0.32588151579412905,1,2494
ENSG00000116096.9,0.32577622837477793,1,2495
ENSG00000006652.16,0.3257482107903044,0,2496
ENSG00000139354.13,0.32564966085336106,0,2497
ENSG00000153165.19,0.3253029168740249,0,2498
ENSG00000160193.14,0.32526710475077497,1,2499
ENSG00000134480.19,0.32522124043408057,0,2500
ENSG00000196428.15,0.32517103701663413,0,2501
ENSG00000196228.7,0.3251477641966402,0,2502
ENSG00000167618.12,0.3251407549294643,0,2503
ENSG00000076351.15,0.32496746633165,1,2504
ENSG00000160741.19,0.3249042249512531,0,2505
ENSG00000043355.13,0.32440443280705417,1,2506
ENSG00000180155.22,0.3241314387961526,0,2507
ENSG00000172458.7,0.3240132192254454,0,2508
ENSG00000167733.16,0.3238899862766977,0,2509
ENSG00000021300.15,0.32383839779110557,0,2510
ENSG00000116761.14,0.32372986965038314,1,2511
ENSG00000196431.5,0.32366312613317877,1,2512
ENSG00000108587.18,0.3235877185899151,0,2513
ENSG00000118972.4,0.32352318194313895,1,2514
ENSG00000116151.16,0.3232302459408821,0,2515
ENSG00000169031.23,0.32294866746727896,1,2516
ENSG00000143355.17,0.32292334837051456,0,2517
ENSG00000006194.13,0.3227824473271117,0,2518
ENSG00000169550.15,0.3226400290694907,0,2519
ENSG00000178919.9,0.32262502711641194,1,2520
ENSG00000115705.24,0.3224776139923711,1,2521
ENSG00000271503.8,0.32247312014900814,0,2522
ENSG00000004139.16,0.322372780280564,1,2523
ENSG00000169155.12,0.32236885027344014,0,2524
ENSG00000129173.15,0.3220715883752306,0,2525
ENSG00000105321.16,0.3220639244514682,0,2526
ENSG00000189120.7,0.32204164659669837,1,2527
ENSG00000104154.9,0.3220101307545374,0,2528
ENSG00000033030.18,0.3217404062246606,1,2529
ENSG00000127084.21,0.321710210760264,0,2530
ENSG00000173239.14,0.3212580255292467,0,2531
ENSG00000167487.13,0.32116532878644827,0,2532
ENSG00000104450.15,0.3210468604775081,1,2533
ENSG00000163288.15,0.32093765915401695,1,2534
ENSG00000089505.19,0.3208394247468276,0,2535
ENSG00000105697.11,0.3204084910612059,1,2536
ENSG00000106868.19,0.32032597525341583,0,2537
ENSG00000100941.11,0.3202607334287047,0,2538
ENSG00000143443.11,0.32022049557634186,0,2539
ENSG00000270765.9,0.32010540084329303,1,2540
ENSG00000170615.17,0.3200246199475449,1,2541
ENSG00000121766.18,0.3197081750617919,0,2542
ENSG00000126214.24,0.3196599105737175,0,2543
ENSG00000179846.11,0.31949476326923576,0,2544
ENSG00000204366.5,0.3193062561839684,0,2545
ENSG00000172469.19,0.3192164247602856,0,2546
ENSG00000198874.16,0.31918865859320616,0,2547
ENSG00000196458.13,0.3189966978220468,0,2548
ENSG00000145428.17,0.3187595246306208,0,2549
ENSG00000164743.5,0.3180545426675106,0,2550
ENSG00000175395.18,0.31795219409183123,0,2551
ENSG00000168484.15,0.3172280573233655,1,2552
ENSG00000164080.16,0.3167993029115108,0,2553
ENSG00000112053.15,0.3167689316018358,1,2554
ENSG00000124812.15,0.31663112388672093,0,2555
ENSG00000092200.13,0.31652918230912563,1,2556
ENSG00000178226.13,0.3164026724679309,0,2557
ENSG00000123165.9,0.31626780739079546,0,2558
ENSG00000167904.18,0.3162160080625893,0,2559
ENSG00000122512.19,0.3161818633571107,1,2560
ENSG00000147246.12,0.31611354718404855,0,2561
ENSG00000112077.19,0.3156960220138306,1,2562
ENSG00000153201.19,0.31530324964221507,1,2563
ENSG00000174460.6,0.3151690538099235,0,2564
ENSG00000167619.14,0.3146882152704607,0,2565
ENSG00000244607.9,0.3142624727322101,0,2566
ENSG00000105656.15,0.3140475916096941,0,2567
ENSG00000230797.3,0.3138479363610083,0,2568
ENSG00000196653.14,0.3137586021803345,0,2569
ENSG00000139722.9,0.3135044083903367,0,2570
ENSG00000131096.13,0.3132890876117245,0,2571
ENSG00000188817.9,0.31325109232781406,0,2572
ENSG00000140259.9,0.31302495306210637,0,2573
ENSG00000137494.16,0.31279081767735883,0,2574
ENSG00000251493.5,0.31271035308527284,0,2575
ENSG00000120669.17,0.312607462661377,0,2576
ENSG00000186871.8,0.3125524916517266,0,2577
ENSG00000170486.12,0.3124364903080576,0,2578
ENSG00000006634.10,0.3123846224950653,0,2579
ENSG00000173914.14,0.31219028030786417,0,2580
ENSG00000074803.22,0.312150145050106,1,2581
ENSG00000205744.12,0.3120810727074001,0,2582
ENSG00000120215.11,0.3117474577358976,0,2583
ENSG00000183775.12,0.3116962719748299,0,2584
ENSG00000140832.12,0.31154947895781543,0,2585
ENSG00000162373.15,0.31150944737024494,0,2586
ENSG00000159184.9,0.3111718703543311,1,2587
ENSG00000250479.11,0.31088956811443114,1,2588
ENSG00000105122.15,0.31085194197118027,0,2589
ENSG00000161860.10,0.3106923315538582,0,2590
ENSG00000249751.6,0.31066078136814457,0,2591
ENSG00000104332.14,0.31057163065533794,0,2592
ENSG00000153902.16,0.3104788280127657,1,2593
ENSG00000179862.7,0.3103972119819612,0,2594
ENSG00000149289.12,0.31034926686746095,0,2595
ENSG00000103051.23,0.30961470807216823,1,2596
ENSG00000121104.9,0.30949206901841614,0,2597
ENSG00000126088.16,0.3092801399929072,1,2598
ENSG00000181029.11,0.30927645273108567,0,2599
ENSG00000198633.13,0.3090974013471038,0,2600
ENSG00000174010.11,0.3089987254921142,1,2601
ENSG00000166436.19,0.3089512964999139,0,2602
ENSG00000146926.13,0.3086666307829107,0,2603
ENSG00000167083.9,0.3085504863818568,0,2604
ENSG00000186487.23,0.3083099989035502,1,2605
ENSG00000185404.19,0.3080547234916113,0,2606
ENSG00000117133.13,0.3079401307771221,0,2607
ENSG00000136444.12,0.3078983970107933,0,2608
ENSG00000185946.18,0.3078497441137975,1,2609
ENSG00000106346.14,0.3077549361257302,0,2610
ENSG00000244067.5,0.30738459218284064,0,2611
ENSG00000182040.9,0.3070902443720784,1,2612
ENSG00000167702.15,0.3069546672061646,0,2613
ENSG00000145216.19,0.30694661729142686,0,2614
ENSG00000095917.15,0.30674464344626107,0,2615
ENSG00000085788.16,0.3065937758526682,1,2616
ENSG00000259571.2,0.30656708904506796,0,2617
ENSG00000185838.16,0.3065650983726427,0,2618
ENSG00000135835.14,0.30633305454882787,0,2619
ENSG00000198373.15,0.3061891996050176,1,2620
ENSG00000254647.8,0.306021069045274,1,2621
ENSG00000104205.18,0.3058693773542724,0,2622
ENSG00000182923.22,0.3058293023343522,1,2623
ENSG00000162378.15,0.3057423893692001,0,2624
ENSG00000255974.10,0.30567622483263573,0,2625
ENSG00000112293.17,0.3054493684436163,0,2626
ENSG00000119969.18,0.3048831059979713,1,2627
ENSG00000181722.20,0.3047940424103967,1,2628
ENSG00000138617.18,0.3047749078079674,0,2629
ENSG00000130783.16,0.30475134125978864,1,2630
ENSG00000260287.5,0.30470189761411476,0,2631
ENSG00000132958.20,0.3046828396334782,0,2632
ENSG00000131242.20,0.30464474822851334,0,2633
ENSG00000131634.16,0.30397561129341316,0,2634
ENSG00000131845.16,0.30350571686350325,0,2635
ENSG00000069329.21,0.3032599725516592,1,2636
ENSG00000165046.15,0.3031173165500492,0,2637
ENSG00000089335.24,0.3025744631244427,0,2638
ENSG00000159761.16,0.30243072419748257,0,2639
ENSG00000161040.21,0.3022765775111869,0,2640
ENSG00000176692.8,0.30213933260253495,1,2641
ENSG00000139173.12,0.3020532803632579,0,2642
ENSG00000112218.11,0.30201677927037474,0,2643
ENSG00000133067.20,0.3019930338380959,0,2644
ENSG00000178531.7,0.3017364149617014,0,2645
ENSG00000167992.16,0.30140944026643335,1,2646
ENSG00000162390.20,0.3012681821257082,0,2647
ENSG00000019485.16,0.3011808410649879,0,2648
ENSG00000160202.9,0.3011624221468998,1,2649
ENSG00000167653.7,0.3005724863088522,0,2650
ENSG00000023892.14,0.3000625367538208,1,2651
ENSG00000204147.12,0.30004856087072174,0,2652
ENSG00000135720.15,0.29996102596561286,0,2653
ENSG00000104299.17,0.29987709595623885,0,2654
ENSG00000124688.16,0.29978163871609664,0,2655
ENSG00000092020.13,0.29968284309644644,1,2656
ENSG00000118298.14,0.29945995084023913,0,2657
ENSG00000143869.8,0.2994208116957818,0,2658
ENSG00000167232.16,0.29939376227645514,0,2659
ENSG00000261509.8,0.2991829450024491,0,2660
ENSG00000166569.9,0.29892533368107416,0,2661
ENSG00000135226.18,0.29836809555508315,0,2662
ENSG00000274286.2,0.2982704735740627,0,2663
ENSG00000166455.16,0.29799804993348483,0,2664
ENSG00000138587.8,0.297842555822149,1,2665
ENSG00000213171.3,0.29774268297639606,0,2666
ENSG00000163485.20,0.2976737215516826,0,2667
ENSG00000178814.19,0.297401796915435,1,2668
ENSG00000166526.21,0.2973767525024333,0,2669
ENSG00000149735.8,0.2973616174597768,0,2670
ENSG00000132357.16,0.29721230656584113,0,2671
ENSG00000132141.16,0.2971948112307972,0,2672
ENSG00000140067.8,0.296736790950489,0,2673
ENSG00000118407.17,0.2963801749481234,1,2674
ENSG00000204544.5,0.29624277206424066,0,2675
ENSG00000105538.12,0.29623027294187765,0,2676
ENSG00000198576.4,0.2961740014221119,0,2677
ENSG00000154127.11,0.29601574471272313,0,2678
ENSG00000270885.3,0.29594882325159744,0,2679
ENSG00000166579.18,0.2957774919826269,0,2680
ENSG00000183773.18,0.2956808996545603,0,2681
ENSG00000197415.14,0.2956540560455823,0,2682
ENSG00000005007.16,0.2954295989059286,1,2683
ENSG00000167291.18,0.29495936686730234,0,2684
ENSG00000169193.14,0.29491027456007385,0,2685
ENSG00000136541.17,0.2944561482344951,0,2686
ENSG00000165192.16,0.29418094149132507,0,2687
ENSG00000177951.20,0.2940265723131568,0,2688
ENSG00000157184.9,0.29379346035870574,1,2689
ENSG00000090971.7,0.2932812930372641,0,2690
ENSG00000186446.14,0.29319595062698495,0,2691
ENSG00000133962.8,0.293155572155214,1,2692
ENSG00000188219.16,0.2930755280934394,0,2693
ENSG00000147166.13,0.2928906014010479,0,2694
ENSG00000121236.23,0.2924320174363824,0,2695
ENSG00000142235.14,0.2924113436772487,0,2696
ENSG00000148200.19,0.29235571268275873,1,2697
ENSG00000189186.13,0.29218161525280445,0,2698
ENSG00000205097.8,0.2919225810884872,0,2699
ENSG00000102543.16,0.29170104666305885,0,2700
ENSG00000149292.19,0.29168321516186546,1,2701
ENSG00000241484.12,0.2916082248583343,0,2702
ENSG00000204305.18,0.2910300027243253,0,2703
ENSG00000168792.6,0.2908340685329504,0,2704
ENSG00000170545.19,0.2907429829657543,0,2705
ENSG00000155508.16,0.29067129061045827,0,2706
ENSG00000157111.15,0.2904911707039605,0,2707
ENSG00000152591.15,0.29024454271013633,1,2708
ENSG00000205045.14,0.29020347099437666,0,2709
ENSG00000070729.15,0.289885659511489,1,2710
ENSG00000167600.16,0.2894866510749898,0,2711
ENSG00000146910.14,0.2892887148889619,0,2712
ENSG00000176055.11,0.28922017893323243,0,2713
ENSG00000145649.9,0.28897115472334006,0,2714
ENSG00000153982.11,0.2889400853629277,0,2715
ENSG00000146215.16,0.28873063586871184,0,2716
ENSG00000167858.14,0.28860816884007434,0,2717
ENSG00000167380.19,0.28836391949449547,0,2718
ENSG00000262576.4,0.2882062207228802,0,2719
ENSG00000165985.13,0.28813318288658185,0,2720
ENSG00000142303.16,0.2879611561442732,1,2721
ENSG00000135378.6,0.28794377132989696,0,2722
ENSG00000204209.15,0.2878590813865099,0,2723
ENSG00000144227.6,0.28783748160272987,0,2724
ENSG00000058673.18,0.28779296773266244,0,2725
ENSG00000101187.18,0.2875435135432858,0,2726
ENSG00000153266.15,0.28753591034244974,1,2727
ENSG00000180383.5,0.2871190625985647,0,2728
ENSG00000197653.18,0.2868846437827383,1,2729
ENSG00000214595.14,0.2868789068922587,0,2730
ENSG00000149021.9,0.286645022890156,0,2731
ENSG00000214517.12,0.28654964754668805,0,2732
ENSG00000163207.8,0.28651079210655156,0,2733
ENSG00000189334.11,0.28633731548876734,0,2734
ENSG00000186001.16,0.28628569582526014,0,2735
ENSG00000105989.12,0.28626969920962914,0,2736
ENSG00000112852.8,0.28572970198099457,0,2737
ENSG00000183862.6,0.2852792178427339,0,2738
ENSG00000107185.12,0.285216263048286,0,2739
ENSG00000175414.9,0.285147685869002,0,2740
ENSG00000133818.16,0.2848446935819791,1,2741
ENSG00000132911.7,0.28440997427069953,0,2742
ENSG00000100312.12,0.28421935746431687,1,2743
ENSG00000016490.18,0.28419165868977375,0,2744
ENSG00000248333.11,0.28419121498864963,0,2745
ENSG00000179598.7,0.28397161387519704,0,2746
ENSG00000177483.12,0.2838302688228445,0,2747
ENSG00000006757.14,0.2834705613826052,0,2748
ENSG00000228049.9,0.28277653840135414,0,2749
ENSG00000087586.20,0.282580686930612,0,2750
ENSG00000171402.16,0.28235822034402697,0,2751
ENSG00000092009.11,0.2815997017608077,0,2752
ENSG00000177683.15,0.28145297504481964,0,2753
ENSG00000089234.18,0.28142657780667946,0,2754
ENSG00000165091.18,0.28134468978625193,1,2755
ENSG00000241404.9,0.28096542172278954,0,2756
ENSG00000289549.1,0.28091510095525457,0,2757
ENSG00000178935.6,0.28060671694336226,0,2758
ENSG00000165983.17,0.28020919530789257,0,2759
ENSG00000214212.11,0.28019511365319993,0,2760
ENSG00000103671.12,0.2793207970576819,1,2761
ENSG00000100226.18,0.2792261000898039,1,2762
ENSG00000171160.20,0.2783749959727071,0,2763
ENSG00000288705.2,0.27834413785318185,0,2764
ENSG00000158427.17,0.2780185455894767,0,2765
ENSG00000155858.7,0.27789690919018667,1,2766
ENSG00000258436.2,0.27748369913094817,0,2767
ENSG00000167604.17,0.27747264421790313,0,2768
ENSG00000186976.17,0.27710989594337665,0,2769
ENSG00000105289.17,0.2768454029660022,0,2770
ENSG00000205022.9,0.2767530074752815,0,2771
ENSG00000109881.19,0.27669603262842296,1,2772
ENSG00000100628.14,0.27656541361452763,0,2773
ENSG00000149300.11,0.27600342429412955,0,2774
ENSG00000135119.16,0.2758553466940055,0,2775
ENSG00000143184.6,0.27575665646404673,0,2776
ENSG00000151353.18,0.2755555153977438,0,2777
ENSG00000145782.15,0.2755149211303954,0,2778
ENSG00000146021.17,0.27494979307755596,1,2779
ENSG00000204514.12,0.2749497420972638,0,2780
ENSG00000159579.16,0.27473928504206757,1,2781
ENSG00000196557.15,0.27472049128162795,1,2782
ENSG00000167578.20,0.27427098705780506,0,2783
ENSG00000178694.11,0.27415384366274004,1,2784
ENSG00000189190.13,0.27312908226878524,0,2785
ENSG00000180739.16,0.27295069601616867,0,2786
ENSG00000184635.18,0.2722552703989059,0,2787
ENSG00000197566.12,0.27175948466738237,0,2788
ENSG00000171405.15,0.2716156893635357,0,2789
ENSG00000112041.14,0.27152400922541076,1,2790
ENSG00000116783.17,0.27139447599568295,1,2791
ENSG00000188257.14,0.2713454548992278,1,2792
ENSG00000083844.12,0.2712751726562071,0,2793
ENSG00000180304.15,0.2710999150408235,0,2794
ENSG00000117425.16,0.2705484101940087,1,2795
ENSG00000197935.9,0.27040593684228437,0,2796
ENSG00000139574.11,0.27026201803058314,0,2797
ENSG00000141294.11,0.27016314901245897,0,2798
ENSG00000277161.4,0.2700611209967922,1,2799
ENSG00000160298.20,0.2699066898180166,0,2800
ENSG00000130035.11,0.2694892388183385,0,2801
ENSG00000250361.11,0.26933364101349716,0,2802
ENSG00000173610.14,0.2692640141704195,0,2803
ENSG00000153044.12,0.26923998025923745,0,2804
ENSG00000176834.16,0.26911456528306693,0,2805
ENSG00000141505.14,0.2688060336575875,0,2806
ENSG00000067221.16,0.26874524874723416,0,2807
ENSG00000186603.7,0.2686857970829778,1,2808
ENSG00000161664.8,0.2684742563757732,0,2809
ENSG00000179023.9,0.2683446990236264,0,2810
ENSG00000156150.10,0.267330463373104,1,2811
ENSG00000213996.15,0.26731438829844306,0,2812
ENSG00000185046.22,0.26724189037629564,0,2813
ENSG00000178473.7,0.2671478272362379,0,2814
ENSG00000175766.15,0.2670785556175545,0,2815
ENSG00000127533.5,0.2669041514274228,0,2816
ENSG00000070371.18,0.2667377302254768,0,2817
ENSG00000140990.17,0.26620112379487076,1,2818
ENSG00000176136.6,0.26546541049744854,0,2819
ENSG00000115604.14,0.26546294215503036,0,2820
ENSG00000167881.17,0.2654625760855431,1,2821
ENSG00000130590.15,0.2653763160397964,0,2822
ENSG00000174788.11,0.26488954840401163,0,2823
ENSG00000226650.6,0.264596423216039,0,2824
ENSG00000070019.7,0.26425046169515526,1,2825
ENSG00000087076.11,0.2631666994388777,0,2826
ENSG00000050327.17,0.2630175870874995,0,2827
ENSG00000152086.10,0.26279053723147583,0,2828
ENSG00000139880.22,0.26276551917008256,0,2829
ENSG00000198798.6,0.2627398571146472,0,2830
ENSG00000278845.7,0.2619819057563148,0,2831
ENSG00000189227.7,0.26190477496831105,0,2832
ENSG00000213185.9,0.2617129773004285,0,2833
ENSG00000198865.12,0.2615436823628606,0,2834
ENSG00000103707.12,0.26109931217292964,1,2835
ENSG00000128335.16,0.26087521969093763,0,2836
ENSG00000146857.6,0.2605728845763866,0,2837
ENSG00000149922.13,0.2600081655288804,1,2838
ENSG00000221869.6,0.2599032028251447,0,2839
ENSG00000099937.13,0.2591681630912778,1,2840
ENSG00000162598.15,0.25905733353948085,0,2841
ENSG00000127366.5,0.25848284284034423,0,2842
ENSG00000162426.18,0.2582208429150784,0,2843
ENSG00000189023.11,0.2580826779596391,0,2844
ENSG00000215148.11,0.25805041974729975,0,2845
ENSG00000167981.8,0.25796059555973744,0,2846
ENSG00000173156.9,0.25789993034055697,0,2847
ENSG00000186479.6,0.25778128275726425,0,2848
ENSG00000082512.17,0.25776935233178516,0,2849
ENSG00000171487.18,0.25774811029196454,1,2850
ENSG00000100448.5,0.25760653913787185,0,2851
ENSG00000102021.12,0.25748401280821287,0,2852
ENSG00000253731.4,0.25743316147319534,0,2853
ENSG00000036672.18,0.2573701850309525,0,2854
ENSG00000099960.15,0.2573518808895648,0,2855
ENSG00000273045.9,0.25684542647162206,0,2856
ENSG00000118017.6,0.25682622632044216,0,2857
ENSG00000185055.13,0.25668891314369874,0,2858
ENSG00000167664.11,0.25626299864047763,0,2859
ENSG00000158816.18,0.25555403962163714,0,2860
ENSG00000166634.7,0.2554119983739598,0,2861
ENSG00000254415.4,0.2551361597459831,0,2862
ENSG00000105205.8,0.2540113010936245,0,2863
ENSG00000182111.9,0.25361018468059765,0,2864
ENSG00000188877.12,0.25359189905234153,0,2865
ENSG00000119737.7,0.2532052206745688,0,2866
ENSG00000179636.16,0.25292655253316537,0,2867
ENSG00000131142.16,0.25278709107304037,0,2868
ENSG00000225950.11,0.2527379383681162,0,2869
ENSG00000148204.14,0.2525021039542081,1,2870
ENSG00000157193.20,0.252043269569276,0,2871
ENSG00000186326.4,0.25189150447906145,1,2872
ENSG00000250254.2,0.2518119028800294,0,2873
ENSG00000188676.17,0.25153987054046056,0,2874
ENSG00000187537.13,0.25131198122549486,0,2875
ENSG00000146707.17,0.2511514148624426,0,2876
ENSG00000108839.14,0.2511208652074348,0,2877
ENSG00000169621.13,0.2511143034872157,0,2878
ENSG00000267680.8,0.25075451902538093,0,2879
ENSG00000113100.11,0.250691555457913,0,2880
ENSG00000198556.16,0.2504625910871487,0,2881
ENSG00000132446.7,0.2503370630363433,0,2882
ENSG00000276085.1,0.24996585604062335,0,2883
ENSG00000122224.21,0.24982424013719187,0,2884
ENSG00000188167.10,0.2497822840004259,0,2885
ENSG00000126550.10,0.24942625797058918,0,2886
ENSG00000197587.14,0.2485579933164442,0,2887
ENSG00000167685.17,0.24726816566271193,0,2888
ENSG00000105392.18,0.24700232737473068,1,2889
ENSG00000168930.13,0.24584910475777613,0,2890
ENSG00000113196.5,0.2456826831698635,0,2891
ENSG00000186652.12,0.24539695748007181,0,2892
ENSG00000160886.14,0.2452682000543441,0,2893
ENSG00000146054.20,0.24476727582053115,0,2894
ENSG00000253910.4,0.24475101090712834,0,2895
ENSG00000172461.13,0.24470167220970707,0,2896
ENSG00000229676.4,0.24461582551084138,0,2897
ENSG00000204613.12,0.2438804947774943,0,2898
ENSG00000083828.17,0.24356481206166972,0,2899
ENSG00000167757.16,0.2433978370162034,1,2900
ENSG00000213347.13,0.24267619007426214,0,2901
ENSG00000161395.15,0.24204943017885008,1,2902
ENSG00000176125.7,0.2420175956319656,0,2903
ENSG00000244682.8,0.2417715153249155,0,2904
ENSG00000256294.10,0.24173890393165912,0,2905
ENSG00000182566.16,0.24139071742428064,0,2906
ENSG00000126249.9,0.2413471695297801,0,2907
ENSG00000135423.15,0.2412036573532813,0,2908
ENSG00000269502.7,0.24118585277242702,0,2909
ENSG00000172062.19,0.2404345887953372,1,2910
ENSG00000255833.3,0.2401460960818734,0,2911
ENSG00000126814.9,0.23997939448724315,1,2912
ENSG00000155903.16,0.23958813432060086,0,2913
ENSG00000105605.9,0.23954664714763052,0,2914
ENSG00000213214.8,0.23919605943091593,0,2915
ENSG00000088256.10,0.23862550024421458,1,2916
ENSG00000136828.21,0.23766360333987713,0,2917
ENSG00000105717.16,0.23715362580859697,0,2918
ENSG00000173976.17,0.23694247555904022,1,2919
ENSG00000136404.18,0.23691920012966547,0,2920
ENSG00000186526.13,0.23681319302877843,0,2921
ENSG00000148950.13,0.23643189519270677,0,2922
ENSG00000105619.16,0.23638532517851982,0,2923
ENSG00000145817.19,0.2360356401495388,1,2924
ENSG00000123610.6,0.23588269621071647,0,2925
ENSG00000150967.21,0.2350389737292753,0,2926
ENSG00000134551.15,0.23474064215451537,0,2927
ENSG00000140522.14,0.23427280151874266,1,2928
ENSG00000125831.12,0.23407919692306522,0,2929
ENSG00000161031.15,0.23403094396921065,0,2930
ENSG00000158473.10,0.23383284470661556,0,2931
ENSG00000251692.9,0.2336282521590242,0,2932
ENSG00000182324.8,0.23330388686995765,0,2933
ENSG00000255408.5,0.2331471995180757,0,2934
ENSG00000205667.3,0.2326854075526775,0,2935
ENSG00000277322.1,0.23193666782657074,0,2936
ENSG00000147206.18,0.2307113519622681,0,2937
ENSG00000197361.9,0.22989399506487884,0,2938
ENSG00000169372.15,0.22963431616406885,1,2939
ENSG00000157349.19,0.2293159867870961,0,2940
ENSG00000168286.3,0.22889806842197324,0,2941
ENSG00000186017.18,0.2283674560806274,0,2942
ENSG00000188508.12,0.22805514924600834,0,2943
ENSG00000204936.12,0.2279796940673486,0,2944
ENSG00000120937.11,0.22777974928331637,0,2945
ENSG00000187922.16,0.22772212013664658,0,2946
ENSG00000166800.12,0.22649485943598088,0,2947
ENSG00000168491.11,0.22544703752145967,0,2948
ENSG00000106526.14,0.22523501197283058,0,2949
ENSG00000221923.11,0.22440236050050225,0,2950
ENSG00000073861.5,0.2234780172238461,1,2951
ENSG00000160349.11,0.22329242509803784,0,2952
ENSG00000188729.8,0.22323075005153134,0,2953
ENSG00000254221.4,0.22313576381180553,0,2954
ENSG00000126583.13,0.22262720494750463,1,2955
ENSG00000182793.12,0.22236225348026642,0,2956
ENSG00000181754.9,0.2221590839596339,0,2957
ENSG00000015413.12,0.2221055350407114,0,2958
ENSG00000214860.7,0.2205582216355213,0,2959
ENSG00000173908.9,0.22044087571349336,0,2960
ENSG00000167555.16,0.22030760992685983,0,2961
ENSG00000196214.13,0.21992785467631507,1,2962
ENSG00000172421.10,0.21934047398590617,0,2963
ENSG00000117862.16,0.21867830717954242,0,2964
ENSG00000157578.16,0.21805720764659964,0,2965
ENSG00000244094.3,0.2179641156520662,0,2966
ENSG00000169877.12,0.21716853955259005,0,2967
ENSG00000196418.15,0.21665952464681967,0,2968
ENSG00000135974.13,0.21661008080169744,0,2969
ENSG00000196466.11,0.21602288698738295,0,2970
ENSG00000153086.16,0.2154471676986863,0,2971
ENSG00000171291.10,0.21423892627560417,0,2972
ENSG00000186364.14,0.21421613387587624,0,2973
ENSG00000143452.17,0.21348168807559284,1,2974
ENSG00000109079.12,0.2134021841297807,0,2975
ENSG00000136488.16,0.2133956168581743,0,2976
ENSG00000184647.12,0.21338874328501337,0,2977
ENSG00000186628.14,0.2133739854735477,0,2978
ENSG00000182585.11,0.2130982489449976,0,2979
ENSG00000149489.10,0.2121734719278987,0,2980
ENSG00000137218.12,0.21157659151291597,0,2981
ENSG00000144893.15,0.21145801833008607,1,2982
ENSG00000160117.18,0.2113133994199353,0,2983
ENSG00000189195.17,0.21107393365099325,0,2984
ENSG00000134827.8,0.2109517870986708,1,2985
ENSG00000131351.17,0.21091370657327954,0,2986
ENSG00000173389.17,0.21024691711317975,0,2987
ENSG00000174599.5,0.21012496169740638,0,2988
ENSG00000170160.21,0.20936928403080704,0,2989
ENSG00000173699.18,0.20919609497606287,0,2990
ENSG00000257138.1,0.20822633071400978,0,2991
ENSG00000168060.17,0.2075167503486696,0,2992
ENSG00000108702.4,0.20740618959873958,0,2993
ENSG00000213424.11,0.20721106708190365,0,2994
ENSG00000007171.21,0.20700938783484865,0,2995
ENSG00000197889.12,0.2061837218286425,0,2996
ENSG00000214300.8,0.2060240044495827,0,2997
ENSG00000168925.13,0.20567598862659087,0,2998
ENSG00000275113.1,0.20557023093692736,0,2999
ENSG00000175329.15,0.20477488683318626,0,3000
ENSG00000077498.9,0.2038578973166162,1,3001
ENSG00000167103.13,0.2031213699212305,0,3002
ENSG00000159723.7,0.20250201941509435,0,3003
ENSG00000134007.5,0.20186634882407573,0,3004
ENSG00000163982.6,0.20156141781922887,0,3005
ENSG00000108349.20,0.20045214943268433,0,3006
ENSG00000137834.17,0.19996296706473882,1,3007
ENSG00000182261.5,0.19972273894588452,0,3008
ENSG00000168412.7,0.1996847485628488,0,3009
ENSG00000155714.14,0.19964872325179392,0,3010
ENSG00000132464.13,0.19941275672104608,1,3011
ENSG00000170954.14,0.19846672148073866,0,3012
ENSG00000144182.19,0.19810268171407686,1,3013
ENSG00000172322.15,0.1980840409517147,0,3014
ENSG00000189052.8,0.19783299325144832,0,3015
ENSG00000213316.12,0.19770215805187377,0,3016
ENSG00000167543.18,0.19746914354885017,0,3017
ENSG00000174327.8,0.19685348970402658,1,3018
ENSG00000164291.19,0.19682842191426728,1,3019
ENSG00000172967.9,0.1959192990713642,0,3020
ENSG00000196110.9,0.19571262993771402,1,3021
ENSG00000181023.8,0.19468535114645621,0,3022
ENSG00000206561.16,0.19403088592475293,1,3023
ENSG00000185829.20,0.19382161701047282,0,3024
ENSG00000124449.7,0.19366845071244831,0,3025
ENSG00000240053.9,0.1933115159704886,0,3026
ENSG00000102539.6,0.19322294009654276,0,3027
ENSG00000198453.17,0.1927268526018625,0,3028
ENSG00000196268.13,0.1922235200440475,0,3029
ENSG00000162601.14,0.19220100817624686,1,3030
ENSG00000233701.3,0.1901253743734023,0,3031
ENSG00000149516.16,0.18926534512469972,0,3032
ENSG00000188542.11,0.18789146281617056,0,3033
ENSG00000121634.6,0.18766784824988958,1,3034
ENSG00000231861.3,0.18719567972756068,0,3035
ENSG00000180878.3,0.1871027997271768,0,3036
ENSG00000204920.13,0.18691938283337384,0,3037
ENSG00000172410.5,0.18574664982095582,0,3038
ENSG00000072954.9,0.1850725708870893,0,3039
ENSG00000166118.9,0.1848814123100859,0,3040
ENSG00000234186.5,0.18430067332955458,0,3041
ENSG00000183318.13,0.1837570888060717,0,3042
ENSG00000121417.16,0.1836801728891222,0,3043
ENSG00000187135.10,0.18340956586611964,0,3044
ENSG00000152093.9,0.1833827965079813,0,3045
ENSG00000204965.10,0.18319725687004862,0,3046
ENSG00000104938.20,0.183154902967144,0,3047
ENSG00000273540.5,0.18039050165699,0,3048
ENSG00000196862.10,0.1798755199512648,0,3049
ENSG00000172345.16,0.1789693945699102,0,3050
ENSG00000130182.9,0.17894940608810897,1,3051
ENSG00000112038.18,0.17886462169734454,0,3052
ENSG00000185482.10,0.17792684661289712,1,3053
ENSG00000197863.11,0.17788529811732778,0,3054
ENSG00000125903.4,0.17759606132683162,0,3055
ENSG00000104804.10,0.17507205183977978,0,3056
ENSG00000230657.10,0.17462541832306563,0,3057
ENSG00000182156.12,0.17137793222843553,0,3058
ENSG00000171643.16,0.17091682403862563,0,3059
ENSG00000105708.10,0.16951242532602717,0,3060
ENSG00000234068.8,0.1692567715511759,0,3061
ENSG00000162006.10,0.1683683771846494,0,3062
ENSG00000163646.12,0.16785325903609202,1,3063
ENSG00000137080.4,0.16746199495437422,0,3064
ENSG00000196357.14,0.1674549265898919,0,3065
ENSG00000197479.7,0.16496921683908033,0,3066
ENSG00000140505.9,0.16347973657209078,0,3067
ENSG00000256223.8,0.1630922050817634,0,3068
ENSG00000253148.1,0.16224564638572767,0,3069
ENSG00000198028.5,0.1619851197144768,0,3070
ENSG00000234284.9,0.16090839418773625,0,3071
ENSG00000213401.12,0.15916295337275047,0,3072
ENSG00000180884.12,0.15911129223672096,0,3073
ENSG00000124089.4,0.15871334719037897,0,3074
ENSG00000231213.7,0.15806433682144946,0,3075
ENSG00000197608.14,0.1575776589578858,0,3076
ENSG00000169340.10,0.1556741852508118,0,3077
ENSG00000124818.17,0.15361206036759614,0,3078
ENSG00000163737.6,0.15318561923932408,0,3079
ENSG00000255374.3,0.15318490790594627,0,3080
ENSG00000178201.5,0.1524615644773951,0,3081
ENSG00000166321.16,0.15132112379861537,0,3082
ENSG00000197497.13,0.1492450066382303,0,3083
ENSG00000205777.19,0.14816454994641517,0,3084
ENSG00000172650.16,0.14800148673757937,0,3085
ENSG00000061492.12,0.14789857058585762,0,3086
ENSG00000105136.24,0.1478866747549873,0,3087
ENSG00000167414.7,0.1476366976788057,0,3088
ENSG00000147570.12,0.1472941637231406,0,3089
ENSG00000197714.11,0.14645163559678423,0,3090
ENSG00000183185.10,0.14584454188256965,0,3091
ENSG00000155269.12,0.14574501527122938,0,3092
ENSG00000188655.12,0.145254258498795,0,3093
ENSG00000205409.3,0.14524075772749864,0,3094
ENSG00000158901.13,0.14505009248269482,0,3095
ENSG00000105617.5,0.14503859037484385,0,3096
ENSG00000176386.11,0.1448256350389424,0,3097
ENSG00000073754.7,0.1430823833113968,0,3098
ENSG00000182698.14,0.1424769172133593,0,3099
ENSG00000196184.10,0.1422861665766045,0,3100
ENSG00000180855.16,0.14180921439858432,0,3101
ENSG00000152454.5,0.1399640954707587,0,3102
ENSG00000188227.16,0.13899963958037728,0,3103
ENSG00000170790.6,0.13798184495455698,0,3104
ENSG00000251247.15,0.1373424334246474,0,3105
ENSG00000106328.11,0.13693417695342763,0,3106
ENSG00000187173.4,0.1356945432966732,0,3107
ENSG00000165584.17,0.13330984816226862,0,3108
ENSG00000198049.8,0.13301546539783296,0,3109
ENSG00000172689.2,0.13235277534901843,0,3110
ENSG00000234438.5,0.1318122654242561,1,3111
ENSG00000151577.14,0.13168714349797708,0,3112
ENSG00000268940.7,0.13098140238572822,0,3113
ENSG00000121314.3,0.12875980691481068,0,3114
ENSG00000214700.7,0.1275868814206804,0,3115
ENSG00000196605.9,0.12621382780928594,0,3116
ENSG00000182271.15,0.12485302410899059,0,3117
ENSG00000152266.7,0.12398136232275858,1,3118
ENSG00000179002.6,0.12083378161705112,0,3119
ENSG00000189375.12,0.1204164778130059,0,3120
ENSG00000142538.3,0.12035549278543904,0,3121
ENSG00000206177.8,0.1202061732365091,0,3122
ENSG00000124827.7,0.11870902889591019,1,3123
ENSG00000119608.16,0.11529530724338317,0,3124
ENSG00000269058.7,0.11518796896243799,0,3125
ENSG00000213921.8,0.11512180640383801,0,3126
ENSG00000186803.3,0.1094919876885706,0,3127
ENSG00000169509.6,0.10924364134845684,0,3128
ENSG00000197437.5,0.10864868991710923,0,3129
ENSG00000167359.8,0.10823524107853331,0,3130
ENSG00000178386.15,0.10761722468594588,0,3131
ENSG00000141946.1,0.10635532281870741,0,3132
ENSG00000144771.8,0.10486823055738437,0,3133
ENSG00000173451.8,0.10457842126208099,0,3134
ENSG00000182613.3,0.1037230530769443,0,3135
ENSG00000118434.9,0.1033604936966635,1,3136
ENSG00000263761.4,0.10244405091645342,1,3137
ENSG00000157131.14,0.09872651241958523,1,3138
ENSG00000274102.3,0.09774277923610973,0,3139
ENSG00000176299.5,0.09765806804315193,0,3140
ENSG00000239590.1,0.0960808285819219,0,3141
ENSG00000171136.8,0.09562641431140645,0,3142
ENSG00000071203.11,0.09549032485293289,0,3143
ENSG00000161298.20,0.09099188295724119,0,3144
ENSG00000173612.10,0.08951277192391238,0,3145
ENSG00000159455.9,0.0880516203810147,0,3146
ENSG00000213215.5,0.08651269708953739,0,3147
ENSG00000169717.7,0.08592004157575202,0,3148
ENSG00000188800.7,0.08557673773296333,0,3149
ENSG00000197483.12,0.08491599237329599,0,3150
ENSG00000221888.4,0.08452049545417573,0,3151
ENSG00000177693.5,0.08411416473775424,0,3152
ENSG00000214285.3,0.08409468469299287,0,3153
ENSG00000161610.1,0.08246964690466596,1,3154
ENSG00000181609.5,0.08239702000367381,0,3155
ENSG00000258873.3,0.0793485571002623,0,3156
ENSG00000236637.5,0.07870813616237358,0,3157
ENSG00000204505.5,0.07808595896467883,0,3158
ENSG00000253548.1,0.07586292204643406,0,3159
ENSG00000185899.1,0.0754985401593416,0,3160
ENSG00000182187.5,0.07549714915490918,1,3161
ENSG00000136939.1,0.07280805000597934,0,3162
ENSG00000169688.12,0.07221923185301254,0,3163
ENSG00000196778.4,0.07061337666729701,0,3164
ENSG00000187170.6,0.07060988536444558,0,3165
ENSG00000198704.10,0.07014421567990978,0,3166
ENSG00000229972.11,0.06861997604025213,0,3167
ENSG00000215009.6,0.06781612744200345,0,3168
ENSG00000280236.3,0.0676025364167136,0,3169
ENSG00000244057.5,0.06680818393312615,0,3170
ENSG00000204548.4,0.06662376452060155,0,3171
ENSG00000203663.4,0.06615178614678459,0,3172
ENSG00000187969.6,0.06470042509908448,0,3173
ENSG00000204928.3,0.06388474200556889,1,3174
ENSG00000127318.11,0.06334080865127674,0,3175
ENSG00000240386.4,0.061884322959336345,0,3176
ENSG00000204614.11,0.056505254494519264,0,3177
ENSG00000175485.3,0.055662251295910646,0,3178
ENSG00000176246.1,0.05559939017695659,0,3179
ENSG00000177535.11,0.055569916426450934,0,3180
ENSG00000236398.2,0.05437910762158669,0,3181
ENSG00000176269.4,0.0542989829913245,0,3182
ENSG00000096395.13,0.05375163985489883,0,3183
ENSG00000237521.4,0.053030660795156115,0,3184
ENSG00000175398.3,0.052286136088552336,0,3185
ENSG00000181786.6,0.05227213816754159,1,3186
ENSG00000232268.8,0.051075266028373055,0,3187
ENSG00000187747.2,0.05063170716724418,0,3188
ENSG00000203923.5,0.048372932290855715,0,3189
ENSG00000236371.6,0.042356292565783084,0,3190
ENSG00000196341.3,0.04158473641014,0,3191
ENSG00000196171.3,0.041282152613640474,0,3192
ENSG00000188784.4,0.040151720920434675,0,3193
ENSG00000196240.7,0.03933476154440824,0,3194
ENSG00000229665.8,0.038854020627783904,0,3195
ENSG00000198104.4,0.03756347314978726,0,3196
ENSG00000177476.3,0.03622291493957255,0,3197
ENSG00000187238.5,0.0360678714901245,0,3198
ENSG00000185821.3,0.035881290755498965,0,3199
ENSG00000172208.7,0.03585371415143882,0,3200
ENSG00000140478.17,0.033770182912537576,0,3201
ENSG00000203784.3,0.033416036646045144,0,3202
ENSG00000248385.8,0.03252583968522806,0,3203
ENSG00000172365.4,0.03217159004873963,0,3204
ENSG00000105954.2,0.03159467402803104,0,3205
ENSG00000226023.6,0.03126010871001186,0,3206
ENSG00000184155.8,0.03072688029166436,0,3207
ENSG00000120235.5,0.029002244530951182,0,3208
ENSG00000182346.22,0.028461906072691057,0,3209
ENSG00000204700.5,0.028064429688004645,0,3210
ENSG00000197532.3,0.027760124467500258,0,3211
ENSG00000111241.4,0.026060834054818724,0,3212
ENSG00000205922.5,0.02515244738507384,0,3213
ENSG00000214642.1,0.024659244189014495,0,3214
ENSG00000172487.4,0.02242658387007028,0,3215
ENSG00000176230.7,0.022359997790413266,0,3216
ENSG00000176893.6,0.022139960647927944,0,3217
ENSG00000227151.4,0.021384064273051905,0,3218
ENSG00000203970.4,0.018182113240143568,0,3219
ENSG00000127515.3,0.018060429225724355,0,3220
ENSG00000174970.5,0.017913400180203973,0,3221
ENSG00000181961.5,0.015396700395183848,0,3222
ENSG00000176253.4,0.014375224132488179,0,3223
ENSG00000182070.7,0.014271517510058227,0,3224
ENSG00000205883.3,0.014228703105196833,0,3225
ENSG00000255012.3,0.014177680132449437,0,3226
ENSG00000176782.3,0.013554393560003791,0,3227
ENSG00000148386.10,0.01349511674692846,0,3228
ENSG00000148136.5,0.01269623966815466,0,3229
ENSG00000188324.4,0.012627834651190375,0,3230
ENSG00000197125.3,0.009949644268935192,0,3231
ENSG00000176900.2,0.0091986116319692,0,3232
ENSG00000185926.1,0.00582919813115828,0,3233
